<?xml version="1.0" encoding="UTF-8"?>
<s:Envelope xmlns:s="http://www.w3.org/2003/05/soap-envelope" xmlns:a="http://schemas.xmlsoap.org/ws/2004/08/addressing" xmlns:p="http://schemas.microsoft.com/wbem/wsman/1/wsman.xsd" xmlns:w="http://schemas.dmtf.org/wbem/wsman/1/wsman.xsd" xmlns:x="http://schemas.xmlsoap.org/ws/2004/09/transfer" xml:lang="en-US">
   <s:Header>
      <a:Action>http://schemas.microsoft.com/wbem/wsman/1/wmi/root/mscluster/MSCluster_AvailableDisk/AddToClusterResponse</a:Action>
      <a:MessageID>uuid:B48662E7-C16A-43D7-9FA1-F775B638446D</a:MessageID>
      <a:To>http://schemas.xmlsoap.org/ws/2004/08/addressing/role/anonymous</a:To>
      <a:RelatesTo>uuid:8aae7ff3-d616-4247-b461-e6fffeceeace</a:RelatesTo>
   </s:Header>
   <s:Body>
      <p:AddToCluster_OUTPUT xmlns:p="http://schemas.microsoft.com/wbem/wsman/1/wmi/root/mscluster/MSCluster_AvailableDisk" xmlns:cim="http://schemas.dmtf.org/wbem/wscim/1/common" xmlns:xsi="http://www.w3.org/2001/XMLSchema-instance">
         <p:Path>MSCluster_Resource.Name='Cluster Disk 1'</p:Path>
      </p:AddToCluster_OUTPUT>
   </s:Body>
</s:Envelope>