<s:Envelope xml:lang="en-US" xmlns:s="http://www.w3.org/2003/05/soap-envelope"
            xmlns:a="http://schemas.xmlsoap.org/ws/2004/08/addressing"
            xmlns:x="http://schemas.xmlsoap.org/ws/2004/09/transfer"
            xmlns:w="http://schemas.dmtf.org/wbem/wsman/1/wsman.xsd"
            xmlns:p="http://schemas.microsoft.com/wbem/wsman/1/wsman.xsd">
    <s:Header>
        <a:Action>http://schemas.microsoft.com/wbem/wsman/1/wmi/root/default/StdRegProv/GetBinaryValueResponse
        </a:Action>
        <a:MessageID>uuid:34219BEA-78A3-44D0-A302-B4695F4C0A46</a:MessageID>
        <a:To>http://schemas.xmlsoap.org/ws/2004/08/addressing/role/anonymous</a:To>
        <a:RelatesTo>uuid:1ba8bc8a-8ca2-4b39-9e33-b7bfb8085340</a:RelatesTo>
    </s:Header>
    <s:Body>
        <p:GetBinaryValue_OUTPUT xmlns:xsi="http://www.w3.org/2001/XMLSchema-instance"
                                 xmlns:p="http://schemas.microsoft.com/wbem/wsman/1/wmi/root/default/StdRegProv"
                                 xmlns:cim="http://schemas.dmtf.org/wbem/wscim/1/common">
            <p:uValue>0</p:uValue>
            <p:uValue>131</p:uValue>
            <p:uValue>0</p:uValue>
            <p:uValue>28</p:uValue>
            <p:uValue>1</p:uValue>
            <p:uValue>3</p:uValue>
            <p:uValue>0</p:uValue>
            <p:uValue>16</p:uValue>
            <!--wwn-->
            <p:uValue>96</p:uValue>
            <p:uValue>00</p:uValue>
            <p:uValue>09</p:uValue>
            <p:uValue>112</p:uValue>
            <p:uValue>00</p:uValue>
            <p:uValue>01</p:uValue>
            <p:uValue>149</p:uValue>
            <p:uValue>144</p:uValue>
            <p:uValue>07</p:uValue>
            <p:uValue>01</p:uValue>
            <p:uValue>83</p:uValue>
            <p:uValue>51</p:uValue>
            <p:uValue>128</p:uValue>
            <p:uValue>149</p:uValue>
            <p:uValue>152</p:uValue>
            <p:uValue>113</p:uValue>
            <!-- wwn -->
            <p:uValue>0</p:uValue>
            <p:uValue>0</p:uValue>
            <p:uValue>16</p:uValue>
            <p:uValue>0</p:uValue>
            <p:uValue>0</p:uValue>
            <p:uValue>0</p:uValue>
            <p:uValue>0</p:uValue>
            <p:uValue>0</p:uValue>
            <p:ReturnValue>0</p:ReturnValue>
        </p:GetBinaryValue_OUTPUT>
    </s:Body>
</s:Envelope>
