        <p:GetBinaryValue_OUTPUT xmlns:xsi="http://www.w3.org/2001/XMLSchema-instance"
                                 xmlns:p="http://schemas.microsoft.com/wbem/wsman/1/wmi/root/default/StdRegProv"
                                 xmlns:cim="http://schemas.dmtf.org/wbem/wscim/1/common">
            <p:uValue>0</p:uValue>
            <p:uValue>131</p:uValue>
            <p:uValue>0</p:uValue>
            <p:uValue>28</p:uValue>
            <p:uValue>1</p:uValue>
            <p:uValue>3</p:uValue>
            <p:uValue>0</p:uValue>
            <p:uValue>16</p:uValue>
            <!--wwn-->
            <p:uValue>${wwn0}</p:uValue>
            <p:uValue>${wwn1}</p:uValue>
            <p:uValue>${wwn2}</p:uValue>
            <p:uValue>${wwn3}</p:uValue>
            <p:uValue>${wwn4}</p:uValue>
            <p:uValue>${wwn5}</p:uValue>
            <p:uValue>${wwn6}</p:uValue>
            <p:uValue>${wwn7}</p:uValue>
            <p:uValue>${wwn8}</p:uValue>
            <p:uValue>${wwn9}</p:uValue>
            <p:uValue>${wwn10}</p:uValue>
            <p:uValue>${wwn11}</p:uValue>
            <p:uValue>${wwn12}</p:uValue>
            <p:uValue>${wwn13}</p:uValue>
            <p:uValue>${wwn14}</p:uValue>
            <p:uValue>${wwn15}</p:uValue>
            <!-- wwn -->
            <p:uValue>0</p:uValue>
            <p:uValue>0</p:uValue>
            <p:uValue>16</p:uValue>
            <p:uValue>0</p:uValue>
            <p:uValue>0</p:uValue>
            <p:uValue>0</p:uValue>
            <p:uValue>0</p:uValue>
            <p:uValue>0</p:uValue>
            <p:ReturnValue>0</p:ReturnValue>
        </p:GetBinaryValue_OUTPUT>