<?xml version="1.0" encoding="UTF-8"?>
<s:Envelope xmlns:s="http://www.w3.org/2003/05/soap-envelope" xmlns:a="http://schemas.xmlsoap.org/ws/2004/08/addressing" xmlns:n="http://schemas.xmlsoap.org/ws/2004/09/enumeration" xmlns:w="http://schemas.dmtf.org/wbem/wsman/1/wsman.xsd" xml:lang="en-US">
   <s:Header>
      <a:Action>http://schemas.xmlsoap.org/ws/2004/09/enumeration/PullResponse</a:Action>
      <a:MessageID>uuid:B7E09CDB-59F7-4375-B742-BDDBF12F76CF</a:MessageID>
      <a:To>http://schemas.xmlsoap.org/ws/2004/08/addressing/role/anonymous</a:To>
      <a:RelatesTo>uuid:6b087382-2385-4f5f-989b-c500dbd02d3b</a:RelatesTo>
   </s:Header>
   <s:Body>
      <n:PullResponse>
         <n:Items>
            <p:MSCluster_ClusterToNetworkInterface xmlns:p="http://schemas.microsoft.com/wbem/wsman/1/wmi/root/mscluster/MSCluster_ClusterToNetworkInterface" xmlns:cim="http://schemas.dmtf.org/wbem/wscim/1/common" xmlns:xsi="http://www.w3.org/2001/XMLSchema-instance" xsi:type="p:MSCluster_ClusterToNetworkInterface_Type">
               <p:GroupComponent>
                  <a:Address>http://schemas.xmlsoap.org/ws/2004/08/addressing/role/anonymous</a:Address>
                  <a:ReferenceParameters>
                     <w:ResourceURI>http://schemas.microsoft.com/wbem/wsman/1/wmi/root/mscluster/MSCluster_Cluster</w:ResourceURI>
                     <w:SelectorSet>
                        <w:Selector Name="Name">${Name}</w:Selector>
                     </w:SelectorSet>
                  </a:ReferenceParameters>
               </p:GroupComponent>
               <p:PartComponent>
                  <a:Address>http://schemas.xmlsoap.org/ws/2004/08/addressing/role/anonymous</a:Address>
                  <a:ReferenceParameters>
                     <w:ResourceURI>http://schemas.microsoft.com/wbem/wsman/1/wmi/root/mscluster/MSCluster_NetworkInterface</w:ResourceURI>
                     <w:SelectorSet>
                        <w:Selector Name="DeviceID">${DeviceID} - Local Area Connection</w:Selector>
                        <w:Selector Name="SystemName">${SystemName}</w:Selector>
                     </w:SelectorSet>
                  </a:ReferenceParameters>
               </p:PartComponent>
            </p:MSCluster_ClusterToNetworkInterface>
         </n:Items>
         <n:EndOfSequence />
      </n:PullResponse>
   </s:Body>
</s:Envelope>
