<?xml version="1.0" encoding="UTF-8"?>
<s:Envelope xmlns:s="http://www.w3.org/2003/05/soap-envelope" xmlns:a="http://schemas.xmlsoap.org/ws/2004/08/addressing" xmlns:n="http://schemas.xmlsoap.org/ws/2004/09/enumeration" xmlns:w="http://schemas.dmtf.org/wbem/wsman/1/wsman.xsd" xml:lang="en-US">
   <s:Header>
      <a:Action>http://schemas.xmlsoap.org/ws/2004/09/enumeration/EnumerateResponse</a:Action>
      <a:MessageID>uuid:C390D19F-F6E0-4EF7-B3D7-67F6DB7523E9</a:MessageID>
      <a:To>http://schemas.xmlsoap.org/ws/2004/08/addressing/role/anonymous</a:To>
      <a:RelatesTo>uuid:1d662918-3e49-442c-bde5-8d1067806458</a:RelatesTo>
   </s:Header>
   <s:Body>
      <n:EnumerateResponse>
         <n:EnumerationContext>uuid:A7E4BFE6-1DB5-48C7-BD2A-ECEF1966CDFF</n:EnumerationContext>
      </n:EnumerateResponse>
   </s:Body>
</s:Envelope>
