<?xml version="1.0" encoding="UTF-8"?>
<s:Envelope xmlns:s="http://www.w3.org/2003/05/soap-envelope" xmlns:a="http://schemas.xmlsoap.org/ws/2004/08/addressing" xmlns:n="http://schemas.xmlsoap.org/ws/2004/09/enumeration" xmlns:w="http://schemas.dmtf.org/wbem/wsman/1/wsman.xsd" xml:lang="en-US">
   <s:Header>
      <a:Action>http://schemas.xmlsoap.org/ws/2004/09/enumeration/EnumerateResponse</a:Action>
      <a:MessageID>uuid:74C0A560-EF87-4654-B6D5-9DD59380757F</a:MessageID>
      <a:To>http://schemas.xmlsoap.org/ws/2004/08/addressing/role/anonymous</a:To>
      <a:RelatesTo>uuid:a46e6413-3454-4e98-b74e-6433638fb7eb</a:RelatesTo>
   </s:Header>
   <s:Body>
      <n:EnumerateResponse>
         <n:EnumerationContext>uuid:1E237101-7A3F-4CA2-B696-649F4A1580D8</n:EnumerationContext>
      </n:EnumerateResponse>
   </s:Body>
</s:Envelope>
