<?xml version="1.0" encoding="UTF-8"?>
<s:Envelope xmlns:s="http://www.w3.org/2003/05/soap-envelope" xmlns:a="http://schemas.xmlsoap.org/ws/2004/08/addressing" xmlns:p="http://schemas.microsoft.com/wbem/wsman/1/wsman.xsd" xmlns:w="http://schemas.dmtf.org/wbem/wsman/1/wsman.xsd" xmlns:x="http://schemas.xmlsoap.org/ws/2004/09/transfer" xml:lang="en-US">
   <s:Header>
      <a:Action>http://schemas.microsoft.com/wbem/wsman/1/wmi/root/mscluster/MSCluster_Resource/DeleteResourceResponse</a:Action>
      <a:MessageID>uuid:D161B489-2E37-4FA9-90D7-360C6FCCF0AB</a:MessageID>
      <a:To>http://schemas.xmlsoap.org/ws/2004/08/addressing/role/anonymous</a:To>
      <a:RelatesTo>uuid:a902859f-ec64-4dcc-8485-6f70b377b360</a:RelatesTo>
   </s:Header>
   <s:Body>
      <p:DeleteResource_OUTPUT xmlns:p="http://schemas.microsoft.com/wbem/wsman/1/wmi/root/mscluster/MSCluster_Resource" xmlns:cim="http://schemas.dmtf.org/wbem/wscim/1/common" xmlns:xsi="http://www.w3.org/2001/XMLSchema-instance" />
   </s:Body>
</s:Envelope>
