<?xml version="1.0" encoding="UTF-8"?>
<s:Envelope xmlns:s="http://www.w3.org/2003/05/soap-envelope" xmlns:a="http://schemas.xmlsoap.org/ws/2004/08/addressing" xmlns:n="http://schemas.xmlsoap.org/ws/2004/09/enumeration" xmlns:w="http://schemas.dmtf.org/wbem/wsman/1/wsman.xsd" xml:lang="en-US">
   <s:Header>
      <a:Action>http://schemas.xmlsoap.org/ws/2004/09/enumeration/PullResponse</a:Action>
      <a:MessageID>uuid:59F3C69B-E1B9-4E0E-81D2-1501C5CA2F31</a:MessageID>
      <a:To>http://schemas.xmlsoap.org/ws/2004/08/addressing/role/anonymous</a:To>
      <a:RelatesTo>uuid:0fee6498-cef1-43ca-8f97-1bd7f1f606d6</a:RelatesTo>
   </s:Header>
   <s:Body>
      <n:PullResponse>
         <n:Items>
            <p:MSCluster_ResourceToDisk xmlns:p="http://schemas.microsoft.com/wbem/wsman/1/wmi/root/mscluster/MSCluster_ResourceToDisk" xmlns:cim="http://schemas.dmtf.org/wbem/wscim/1/common" xmlns:xsi="http://www.w3.org/2001/XMLSchema-instance" xsi:type="p:MSCluster_ResourceToDisk_Type">
               <p:GroupComponent>
                  <a:Address>http://schemas.xmlsoap.org/ws/2004/08/addressing/role/anonymous</a:Address>
                  <a:ReferenceParameters>
                     <w:ResourceURI>http://schemas.microsoft.com/wbem/wsman/1/wmi/root/mscluster/MSCluster_Resource</w:ResourceURI>
                     <w:SelectorSet>
                        <w:Selector Name="Name">Cluster Disk 1</w:Selector>
                     </w:SelectorSet>
                  </a:ReferenceParameters>
               </p:GroupComponent>
               <p:PartComponent>
                  <a:Address>http://schemas.xmlsoap.org/ws/2004/08/addressing/role/anonymous</a:Address>
                  <a:ReferenceParameters>
                     <w:ResourceURI>http://schemas.microsoft.com/wbem/wsman/1/wmi/root/mscluster/MSCluster_Disk</w:ResourceURI>
                     <w:SelectorSet>
                        <w:Selector Name="ID">547538282</w:Selector>
                     </w:SelectorSet>
                  </a:ReferenceParameters>
               </p:PartComponent>
            </p:MSCluster_ResourceToDisk>
         </n:Items>
         <n:EndOfSequence />
      </n:PullResponse>
   </s:Body>
</s:Envelope>
