<?xml version="1.0" encoding="UTF-8"?>
<s:Envelope xmlns:s="http://www.w3.org/2003/05/soap-envelope" xmlns:a="http://schemas.xmlsoap.org/ws/2004/08/addressing" xmlns:n="http://schemas.xmlsoap.org/ws/2004/09/enumeration" xmlns:w="http://schemas.dmtf.org/wbem/wsman/1/wsman.xsd" xml:lang="en-US">
   <s:Header>
      <a:Action>http://schemas.xmlsoap.org/ws/2004/09/enumeration/EnumerateResponse</a:Action>
      <a:MessageID>uuid:E28CFD6F-14D9-4F70-AFE4-B220A5D5EC7D</a:MessageID>
      <a:To>http://schemas.xmlsoap.org/ws/2004/08/addressing/role/anonymous</a:To>
      <a:RelatesTo>uuid:f74317ad-7906-4fa4-8f73-cda6ee10d2d3</a:RelatesTo>
   </s:Header>
   <s:Body>
      <n:EnumerateResponse>
         <n:EnumerationContext>uuid:11A3109F-24E9-46AB-AF9C-70E5189FD497</n:EnumerationContext>
      </n:EnumerateResponse>
   </s:Body>
</s:Envelope>
