<?xml version="1.0" encoding="UTF-8"?>
<s:Envelope xmlns:s="http://www.w3.org/2003/05/soap-envelope" xmlns:a="http://schemas.xmlsoap.org/ws/2004/08/addressing" xmlns:n="http://schemas.xmlsoap.org/ws/2004/09/enumeration" xmlns:w="http://schemas.dmtf.org/wbem/wsman/1/wsman.xsd" xml:lang="en-US">
   <s:Header>
      <a:Action>http://schemas.xmlsoap.org/ws/2004/09/enumeration/PullResponse</a:Action>
      <a:MessageID>uuid:8356F119-6683-4837-B004-2874008ECA87</a:MessageID>
      <a:To>http://schemas.xmlsoap.org/ws/2004/08/addressing/role/anonymous</a:To>
      <a:RelatesTo>uuid:08b2bf42-fe2e-4d8f-b382-1f30da6b9fd1</a:RelatesTo>
   </s:Header>
   <s:Body>
      <n:PullResponse>
         <n:Items>
            <p:MSCluster_Cluster xmlns:p="http://schemas.microsoft.com/wbem/wsman/1/wmi/root/mscluster/MSCluster_Cluster" xmlns:cim="http://schemas.dmtf.org/wbem/wscim/1/common" xmlns:xsi="http://www.w3.org/2001/XMLSchema-instance" xsi:type="p:MSCluster_Cluster_Type">
               <p:AddEvictDelay>60</p:AddEvictDelay>
               <p:BackupInProgress>0</p:BackupInProgress>
               <p:Caption xsi:nil="true" />
               <p:ClusSvcHangTimeout>60</p:ClusSvcHangTimeout>
               <p:ClusSvcRegroupOpeningTimeout>5</p:ClusSvcRegroupOpeningTimeout>
               <p:ClusSvcRegroupPruningTimeout>5</p:ClusSvcRegroupPruningTimeout>
               <p:ClusSvcRegroupStageTimeout>7</p:ClusSvcRegroupStageTimeout>
               <p:ClusSvcRegroupTickInMilliseconds>300</p:ClusSvcRegroupTickInMilliseconds>
               <p:ClusterGroupWaitDelay>30</p:ClusterGroupWaitDelay>
               <p:ClusterLogLevel>3</p:ClusterLogLevel>
               <p:ClusterLogSize>100</p:ClusterLogSize>
               <p:CreationClassName xsi:nil="true" />
               <p:CrossSubnetDelay>1000</p:CrossSubnetDelay>
               <p:CrossSubnetThreshold>5</p:CrossSubnetThreshold>
               <p:DefaultNetworkRole>2</p:DefaultNetworkRole>
               <p:Description />
               <p:DisableGroupPreferredOwnerRandomization xsi:nil="true" />
               <p:EnableSharedVolumes>0</p:EnableSharedVolumes>
               <p:FixQuorum>0</p:FixQuorum>
               <p:HangRecoveryAction>3</p:HangRecoveryAction>
               <p:IgnorePersistentStateOnStartup>0</p:IgnorePersistentStateOnStartup>
               <p:InstallDate xsi:nil="true" />
               <p:LogResourceControls>0</p:LogResourceControls>
               <p:MaintenanceFile xsi:nil="true" />
               <p:MaxNumberOfNodes>16</p:MaxNumberOfNodes>
               <p:Name>${clusterName}</p:Name>
               <p:NameFormat xsi:nil="true" />
               <p:PlumbAllCrossSubnetRoutes>0</p:PlumbAllCrossSubnetRoutes>
               <p:PrimaryOwnerContact xsi:nil="true" />
               <p:PrimaryOwnerName xsi:nil="true" />
               <p:PrivateProperties xmlns:p1="http://schemas.microsoft.com/wbem/wsman/1/wmi/root/mscluster/MSCluster_Property_Cluster_PrivateProperties" xsi:type="p1:MSCluster_Property_Cluster_PrivateProperties_Type" />
               <p:QuorumArbitrationTimeMax>20</p:QuorumArbitrationTimeMax>
               <p:QuorumArbitrationTimeMin xsi:nil="true" />
               <p:QuorumLogFileSize xsi:nil="true" />
               <p:QuorumPath />
               <p:QuorumType>Node Majority</p:QuorumType>
               <p:QuorumTypeValue>1</p:QuorumTypeValue>
               <p:RequestReplyTimeout>60</p:RequestReplyTimeout>
               <p:ResourceDllDeadlockPeriod xsi:nil="true" />
               <p:RootMemoryReserved>4294967295</p:RootMemoryReserved>
               <p:SameSubnetDelay>1000</p:SameSubnetDelay>
               <p:SameSubnetThreshold>5</p:SameSubnetThreshold>
               <p:Security_Descriptor>1</p:Security_Descriptor>
               <p:Security_Descriptor>0</p:Security_Descriptor>
               <p:Security_Descriptor>4</p:Security_Descriptor>
               <p:Security_Descriptor>128</p:Security_Descriptor>
               <p:Security_Descriptor>132</p:Security_Descriptor>
               <p:Security_Descriptor>0</p:Security_Descriptor>
               <p:Security_Descriptor>0</p:Security_Descriptor>
               <p:Security_Descriptor>0</p:Security_Descriptor>
               <p:Security_Descriptor>148</p:Security_Descriptor>
               <p:Security_Descriptor>0</p:Security_Descriptor>
               <p:Security_Descriptor>0</p:Security_Descriptor>
               <p:Security_Descriptor>0</p:Security_Descriptor>
               <p:Security_Descriptor>0</p:Security_Descriptor>
               <p:Security_Descriptor>0</p:Security_Descriptor>
               <p:Security_Descriptor>0</p:Security_Descriptor>
               <p:Security_Descriptor>0</p:Security_Descriptor>
               <p:Security_Descriptor>20</p:Security_Descriptor>
               <p:Security_Descriptor>0</p:Security_Descriptor>
               <p:Security_Descriptor>0</p:Security_Descriptor>
               <p:Security_Descriptor>0</p:Security_Descriptor>
               <p:Security_Descriptor>2</p:Security_Descriptor>
               <p:Security_Descriptor>0</p:Security_Descriptor>
               <p:Security_Descriptor>112</p:Security_Descriptor>
               <p:Security_Descriptor>0</p:Security_Descriptor>
               <p:Security_Descriptor>4</p:Security_Descriptor>
               <p:Security_Descriptor>0</p:Security_Descriptor>
               <p:Security_Descriptor>0</p:Security_Descriptor>
               <p:Security_Descriptor>0</p:Security_Descriptor>
               <p:Security_Descriptor>0</p:Security_Descriptor>
               <p:Security_Descriptor>3</p:Security_Descriptor>
               <p:Security_Descriptor>24</p:Security_Descriptor>
               <p:Security_Descriptor>0</p:Security_Descriptor>
               <p:Security_Descriptor>3</p:Security_Descriptor>
               <p:Security_Descriptor>0</p:Security_Descriptor>
               <p:Security_Descriptor>0</p:Security_Descriptor>
               <p:Security_Descriptor>0</p:Security_Descriptor>
               <p:Security_Descriptor>1</p:Security_Descriptor>
               <p:Security_Descriptor>2</p:Security_Descriptor>
               <p:Security_Descriptor>0</p:Security_Descriptor>
               <p:Security_Descriptor>0</p:Security_Descriptor>
               <p:Security_Descriptor>0</p:Security_Descriptor>
               <p:Security_Descriptor>0</p:Security_Descriptor>
               <p:Security_Descriptor>0</p:Security_Descriptor>
               <p:Security_Descriptor>5</p:Security_Descriptor>
               <p:Security_Descriptor>32</p:Security_Descriptor>
               <p:Security_Descriptor>0</p:Security_Descriptor>
               <p:Security_Descriptor>0</p:Security_Descriptor>
               <p:Security_Descriptor>0</p:Security_Descriptor>
               <p:Security_Descriptor>32</p:Security_Descriptor>
               <p:Security_Descriptor>2</p:Security_Descriptor>
               <p:Security_Descriptor>0</p:Security_Descriptor>
               <p:Security_Descriptor>0</p:Security_Descriptor>
               <p:Security_Descriptor>0</p:Security_Descriptor>
               <p:Security_Descriptor>3</p:Security_Descriptor>
               <p:Security_Descriptor>20</p:Security_Descriptor>
               <p:Security_Descriptor>0</p:Security_Descriptor>
               <p:Security_Descriptor>3</p:Security_Descriptor>
               <p:Security_Descriptor>0</p:Security_Descriptor>
               <p:Security_Descriptor>0</p:Security_Descriptor>
               <p:Security_Descriptor>0</p:Security_Descriptor>
               <p:Security_Descriptor>1</p:Security_Descriptor>
               <p:Security_Descriptor>1</p:Security_Descriptor>
               <p:Security_Descriptor>0</p:Security_Descriptor>
               <p:Security_Descriptor>0</p:Security_Descriptor>
               <p:Security_Descriptor>0</p:Security_Descriptor>
               <p:Security_Descriptor>0</p:Security_Descriptor>
               <p:Security_Descriptor>0</p:Security_Descriptor>
               <p:Security_Descriptor>5</p:Security_Descriptor>
               <p:Security_Descriptor>18</p:Security_Descriptor>
               <p:Security_Descriptor>0</p:Security_Descriptor>
               <p:Security_Descriptor>0</p:Security_Descriptor>
               <p:Security_Descriptor>0</p:Security_Descriptor>
               <p:Security_Descriptor>0</p:Security_Descriptor>
               <p:Security_Descriptor>3</p:Security_Descriptor>
               <p:Security_Descriptor>20</p:Security_Descriptor>
               <p:Security_Descriptor>0</p:Security_Descriptor>
               <p:Security_Descriptor>3</p:Security_Descriptor>
               <p:Security_Descriptor>0</p:Security_Descriptor>
               <p:Security_Descriptor>0</p:Security_Descriptor>
               <p:Security_Descriptor>0</p:Security_Descriptor>
               <p:Security_Descriptor>1</p:Security_Descriptor>
               <p:Security_Descriptor>1</p:Security_Descriptor>
               <p:Security_Descriptor>0</p:Security_Descriptor>
               <p:Security_Descriptor>0</p:Security_Descriptor>
               <p:Security_Descriptor>0</p:Security_Descriptor>
               <p:Security_Descriptor>0</p:Security_Descriptor>
               <p:Security_Descriptor>0</p:Security_Descriptor>
               <p:Security_Descriptor>5</p:Security_Descriptor>
               <p:Security_Descriptor>20</p:Security_Descriptor>
               <p:Security_Descriptor>0</p:Security_Descriptor>
               <p:Security_Descriptor>0</p:Security_Descriptor>
               <p:Security_Descriptor>0</p:Security_Descriptor>
               <p:Security_Descriptor>0</p:Security_Descriptor>
               <p:Security_Descriptor>0</p:Security_Descriptor>
               <p:Security_Descriptor>40</p:Security_Descriptor>
               <p:Security_Descriptor>0</p:Security_Descriptor>
               <p:Security_Descriptor>3</p:Security_Descriptor>
               <p:Security_Descriptor>0</p:Security_Descriptor>
               <p:Security_Descriptor>0</p:Security_Descriptor>
               <p:Security_Descriptor>0</p:Security_Descriptor>
               <p:Security_Descriptor>1</p:Security_Descriptor>
               <p:Security_Descriptor>6</p:Security_Descriptor>
               <p:Security_Descriptor>0</p:Security_Descriptor>
               <p:Security_Descriptor>0</p:Security_Descriptor>
               <p:Security_Descriptor>0</p:Security_Descriptor>
               <p:Security_Descriptor>0</p:Security_Descriptor>
               <p:Security_Descriptor>0</p:Security_Descriptor>
               <p:Security_Descriptor>5</p:Security_Descriptor>
               <p:Security_Descriptor>80</p:Security_Descriptor>
               <p:Security_Descriptor>0</p:Security_Descriptor>
               <p:Security_Descriptor>0</p:Security_Descriptor>
               <p:Security_Descriptor>0</p:Security_Descriptor>
               <p:Security_Descriptor>229</p:Security_Descriptor>
               <p:Security_Descriptor>50</p:Security_Descriptor>
               <p:Security_Descriptor>15</p:Security_Descriptor>
               <p:Security_Descriptor>236</p:Security_Descriptor>
               <p:Security_Descriptor>40</p:Security_Descriptor>
               <p:Security_Descriptor>190</p:Security_Descriptor>
               <p:Security_Descriptor>162</p:Security_Descriptor>
               <p:Security_Descriptor>146</p:Security_Descriptor>
               <p:Security_Descriptor>44</p:Security_Descriptor>
               <p:Security_Descriptor>41</p:Security_Descriptor>
               <p:Security_Descriptor>53</p:Security_Descriptor>
               <p:Security_Descriptor>241</p:Security_Descriptor>
               <p:Security_Descriptor>99</p:Security_Descriptor>
               <p:Security_Descriptor>66</p:Security_Descriptor>
               <p:Security_Descriptor>220</p:Security_Descriptor>
               <p:Security_Descriptor>107</p:Security_Descriptor>
               <p:Security_Descriptor>90</p:Security_Descriptor>
               <p:Security_Descriptor>10</p:Security_Descriptor>
               <p:Security_Descriptor>37</p:Security_Descriptor>
               <p:Security_Descriptor>134</p:Security_Descriptor>
               <p:Security_Descriptor>1</p:Security_Descriptor>
               <p:Security_Descriptor>2</p:Security_Descriptor>
               <p:Security_Descriptor>0</p:Security_Descriptor>
               <p:Security_Descriptor>0</p:Security_Descriptor>
               <p:Security_Descriptor>0</p:Security_Descriptor>
               <p:Security_Descriptor>0</p:Security_Descriptor>
               <p:Security_Descriptor>0</p:Security_Descriptor>
               <p:Security_Descriptor>5</p:Security_Descriptor>
               <p:Security_Descriptor>32</p:Security_Descriptor>
               <p:Security_Descriptor>0</p:Security_Descriptor>
               <p:Security_Descriptor>0</p:Security_Descriptor>
               <p:Security_Descriptor>0</p:Security_Descriptor>
               <p:Security_Descriptor>32</p:Security_Descriptor>
               <p:Security_Descriptor>2</p:Security_Descriptor>
               <p:Security_Descriptor>0</p:Security_Descriptor>
               <p:Security_Descriptor>0</p:Security_Descriptor>
               <p:Security_Descriptor>1</p:Security_Descriptor>
               <p:Security_Descriptor>2</p:Security_Descriptor>
               <p:Security_Descriptor>0</p:Security_Descriptor>
               <p:Security_Descriptor>0</p:Security_Descriptor>
               <p:Security_Descriptor>0</p:Security_Descriptor>
               <p:Security_Descriptor>0</p:Security_Descriptor>
               <p:Security_Descriptor>0</p:Security_Descriptor>
               <p:Security_Descriptor>5</p:Security_Descriptor>
               <p:Security_Descriptor>32</p:Security_Descriptor>
               <p:Security_Descriptor>0</p:Security_Descriptor>
               <p:Security_Descriptor>0</p:Security_Descriptor>
               <p:Security_Descriptor>0</p:Security_Descriptor>
               <p:Security_Descriptor>32</p:Security_Descriptor>
               <p:Security_Descriptor>2</p:Security_Descriptor>
               <p:Security_Descriptor>0</p:Security_Descriptor>
               <p:Security_Descriptor>0</p:Security_Descriptor>
               <p:SecurityLevel>1</p:SecurityLevel>
               <p:SharedVolumeCompatibleFilters />
               <p:SharedVolumeIncompatibleFilters />
               <p:SharedVolumesRoot>C:\ClusterStorage</p:SharedVolumesRoot>
               <p:ShutdownTimeoutInMinutes>20</p:ShutdownTimeoutInMinutes>
               <p:Status xsi:nil="true" />
               <p:WitnessDatabaseWriteTimeout>300</p:WitnessDatabaseWriteTimeout>
               <p:WitnessRestartInterval>15</p:WitnessRestartInterval>
            </p:MSCluster_Cluster>
         </n:Items>
         <n:EndOfSequence />
      </n:PullResponse>
   </s:Body>
</s:Envelope>
