<?xml version="1.0" encoding="UTF-8"?>
<s:Envelope xmlns:s="http://www.w3.org/2003/05/soap-envelope" xmlns:a="http://schemas.xmlsoap.org/ws/2004/08/addressing" xmlns:p="http://schemas.microsoft.com/wbem/wsman/1/wsman.xsd" xmlns:w="http://schemas.dmtf.org/wbem/wsman/1/wsman.xsd" xmlns:x="http://schemas.xmlsoap.org/ws/2004/09/transfer" xml:lang="en-US">
   <s:Header>
      <a:Action>http://schemas.microsoft.com/wbem/wsman/1/wmi/root/mscluster/MSCluster_Resource/TakeOfflineResponse</a:Action>
      <a:MessageID>uuid:767FEAA0-D273-49E5-83EB-2F9D0BDD91C1</a:MessageID>
      <a:To>http://schemas.xmlsoap.org/ws/2004/08/addressing/role/anonymous</a:To>
      <a:RelatesTo>uuid:ef1676bd-0f0a-4871-a98e-68585b684b89</a:RelatesTo>
   </s:Header>
   <s:Body>
      <p:TakeOffline_OUTPUT xmlns:p="http://schemas.microsoft.com/wbem/wsman/1/wmi/root/mscluster/MSCluster_Resource" xmlns:cim="http://schemas.dmtf.org/wbem/wscim/1/common" xmlns:xsi="http://www.w3.org/2001/XMLSchema-instance" />
   </s:Body>
</s:Envelope>
