<?xml version="1.0" encoding="UTF-8"?>
<s:Envelope xmlns:s="http://www.w3.org/2003/05/soap-envelope" xmlns:a="http://schemas.xmlsoap.org/ws/2004/08/addressing" xmlns:n="http://schemas.xmlsoap.org/ws/2004/09/enumeration" xmlns:w="http://schemas.dmtf.org/wbem/wsman/1/wsman.xsd" xml:lang="en-US">
   <s:Header>
      <a:Action>http://schemas.xmlsoap.org/ws/2004/09/enumeration/PullResponse</a:Action>
      <a:MessageID>uuid:1CF74BB3-C51E-448C-BC47-BAEAFEF6E27F</a:MessageID>
      <a:To>http://schemas.xmlsoap.org/ws/2004/08/addressing/role/anonymous</a:To>
      <a:RelatesTo>uuid:516afb40-afd5-4de5-a241-ff5ab4d60235</a:RelatesTo>
   </s:Header>
   <s:Body>
      <n:PullResponse>
         <n:Items>
            <p:MSCluster_NetworkInterface xmlns:p="http://schemas.microsoft.com/wbem/wsman/1/wmi/root/mscluster/MSCluster_NetworkInterface" xmlns:cim="http://schemas.dmtf.org/wbem/wscim/1/common" xmlns:xsi="http://www.w3.org/2001/XMLSchema-instance" xsi:type="p:MSCluster_NetworkInterface_Type">
               <p:Adapter>vmxnet3 Ethernet Adapter</p:Adapter>
               <p:AdapterId>A588EDA9-DCDF-4930-8DD0-F5CDA10A9BFE</p:AdapterId>
               <p:Address>${Address}</p:Address>
               <p:Availability xsi:nil="true" />
               <p:Caption xsi:nil="true" />
               <p:Characteristics>0</p:Characteristics>
               <p:CreationClassName xsi:nil="true" />
               <p:Description />
               <p:DeviceID>${DeviceID} - Local Area Connection</p:DeviceID>
               <p:DhcpEnabled>false</p:DhcpEnabled>
               <p:ErrorCleared xsi:nil="true" />
               <p:ErrorDescription xsi:nil="true" />
               <p:Flags xsi:nil="true" />
               <p:InstallDate xsi:nil="true" />
               <p:IPv4Addresses>${IPv4Addresses}</p:IPv4Addresses>
               <p:IPv6Addresses />
               <p:LastErrorCode xsi:nil="true" />
               <p:Name>${Name} - Local Area Connection</p:Name>
               <p:Network>Cluster Network 1</p:Network>
			   <p:Node>${Node}</p:Node>
               <p:PowerManagementSupported xsi:nil="true" />
               <p:PowerOnHours xsi:nil="true" />
               <p:PrivateProperties xmlns:p1="http://schemas.microsoft.com/wbem/wsman/1/wmi/root/mscluster/MSCluster_Property_NetInterface_PrivateProperties" xsi:type="p1:MSCluster_Property_NetInterface_PrivateProperties_Type" />
               <p:State>3</p:State>
               <p:Status xsi:nil="true" />
               <p:StatusInfo xsi:nil="true" />
               <p:SystemCreationClassName xsi:nil="true" />
               <p:SystemName>${SystemName}</p:SystemName>
               <p:TotalPowerOnHours xsi:nil="true" />
            </p:MSCluster_NetworkInterface>
         </n:Items>
         <n:EndOfSequence />
      </n:PullResponse>
   </s:Body>
</s:Envelope>
