<?xml version="1.0" encoding="UTF-8"?>
<s:Envelope xmlns:s="http://www.w3.org/2003/05/soap-envelope" xmlns:a="http://schemas.xmlsoap.org/ws/2004/08/addressing" xmlns:n="http://schemas.xmlsoap.org/ws/2004/09/enumeration" xmlns:w="http://schemas.dmtf.org/wbem/wsman/1/wsman.xsd" xml:lang="en-US">
   <s:Header>
      <a:Action>http://schemas.xmlsoap.org/ws/2004/09/enumeration/EnumerateResponse</a:Action>
      <a:MessageID>uuid:2A6F1BF3-90A1-4153-ADEA-4561F85A007D</a:MessageID>
      <a:To>http://schemas.xmlsoap.org/ws/2004/08/addressing/role/anonymous</a:To>
      <a:RelatesTo>uuid:84b257a0-bb21-456a-b27b-3adb31e745e7</a:RelatesTo>
   </s:Header>
   <s:Body>
      <n:EnumerateResponse>
         <n:EnumerationContext>uuid:A6B7EFC4-6177-434A-A4B7-4D348897D6A2</n:EnumerationContext>
      </n:EnumerateResponse>
   </s:Body>
</s:Envelope>
