<?xml version="1.0" encoding="UTF-8"?>
<s:Envelope xmlns:s="http://www.w3.org/2003/05/soap-envelope" xmlns:a="http://schemas.xmlsoap.org/ws/2004/08/addressing" xmlns:p="http://schemas.microsoft.com/wbem/wsman/1/wsman.xsd" xmlns:rsp="http://schemas.microsoft.com/wbem/wsman/1/windows/shell" xmlns:w="http://schemas.dmtf.org/wbem/wsman/1/wsman.xsd" xmlns:x="http://schemas.xmlsoap.org/ws/2004/09/transfer" xml:lang="en-US">
   <s:Header>
      <a:Action>http://schemas.microsoft.com/wbem/wsman/1/windows/shell/CommandResponse</a:Action>
      <a:MessageID>uuid:A51DCD4D-171B-4FDC-ACB9-4D1F167AB7C7</a:MessageID>
      <a:To>http://schemas.xmlsoap.org/ws/2004/08/addressing/role/anonymous</a:To>
      <a:RelatesTo>uuid:2a6ded25-d64f-4f20-9dfd-4813622c441a</a:RelatesTo>
   </s:Header>
   <s:Body>
      <rsp:CommandResponse>
         <rsp:CommandId>E4675D54-577D-4D98-80D5-39B1B93C6A2F</rsp:CommandId>
      </rsp:CommandResponse>
   </s:Body>
</s:Envelope>
