<?xml version="1.0" encoding="UTF-8"?>
<s:Envelope xmlns:s="http://www.w3.org/2003/05/soap-envelope" xmlns:a="http://schemas.xmlsoap.org/ws/2004/08/addressing" xmlns:p="http://schemas.microsoft.com/wbem/wsman/1/wsman.xsd" xmlns:rsp="http://schemas.microsoft.com/wbem/wsman/1/windows/shell" xmlns:w="http://schemas.dmtf.org/wbem/wsman/1/wsman.xsd" xml:lang="en-US">
   <s:Header>
      <a:Action>http://schemas.microsoft.com/wbem/wsman/1/windows/shell/ReceiveResponse</a:Action>
      <a:MessageID>uuid:D319DAA1-453E-4CDF-AC56-592808B80D3A</a:MessageID>
      <a:To>http://schemas.xmlsoap.org/ws/2004/08/addressing/role/anonymous</a:To>
      <a:RelatesTo>uuid:5e276b64-a16a-435c-8134-50b48efbe3dc</a:RelatesTo>
   </s:Header>
   <s:Body>
      <rsp:ReceiveResponse>
         <rsp:Stream Name="stdout" CommandId="CA064EDF-84A3-4345-A72C-B2D299EF84D9">${version}</rsp:Stream>
         <rsp:Stream Name="stdout" CommandId="CA064EDF-84A3-4345-A72C-B2D299EF84D9">${hostname}</rsp:Stream>
         <rsp:Stream Name="stdout" CommandId="CA064EDF-84A3-4345-A72C-B2D299EF84D9">DQpESVNLUEFSVD4g</rsp:Stream>
         <rsp:Stream Name="stdout" CommandId="CA064EDF-84A3-4345-A72C-B2D299EF84D9">${index}</rsp:Stream>
         <rsp:Stream Name="stdout" CommandId="CA064EDF-84A3-4345-A72C-B2D299EF84D9">DQpESVNLUEFSVD4g</rsp:Stream>
         <rsp:Stream Name="stdout" CommandId="CA064EDF-84A3-4345-A72C-B2D299EF84D9">DQpEaXNrUGFydCBzdWNjZXNzZnVsbHkgcmVtb3ZlZCB0aGUgZHJpdmUgbGV0dGVyIG9yIG1vdW50IHBvaW50Lg0K</rsp:Stream>
         <rsp:Stream Name="stdout" CommandId="CA064EDF-84A3-4345-A72C-B2D299EF84D9">DQpESVNLUEFSVD4g</rsp:Stream>
         <rsp:Stream Name="stdout" CommandId="CA064EDF-84A3-4345-A72C-B2D299EF84D9">DQpMZWF2aW5nIERpc2tQYXJ0Li4uDQo=</rsp:Stream>
         <rsp:Stream Name="stdout" CommandId="CA064EDF-84A3-4345-A72C-B2D299EF84D9" End="true" />
         <rsp:Stream Name="stderr" CommandId="CA064EDF-84A3-4345-A72C-B2D299EF84D9" End="true" />
         <rsp:CommandState CommandId="CA064EDF-84A3-4345-A72C-B2D299EF84D9" State="http://schemas.microsoft.com/wbem/wsman/1/windows/shell/CommandState/Done">
            <rsp:ExitCode>0</rsp:ExitCode>
         </rsp:CommandState>
      </rsp:ReceiveResponse>
   </s:Body>
</s:Envelope>
