<s:Envelope xml:lang="en-US" xmlns:s="http://www.w3.org/2003/05/soap-envelope"
            xmlns:a="http://schemas.xmlsoap.org/ws/2004/08/addressing"
            xmlns:w="http://schemas.dmtf.org/wbem/wsman/1/wsman.xsd"
            xmlns:rsp="http://schemas.microsoft.com/wbem/wsman/1/windows/shell"
            xmlns:p="http://schemas.microsoft.com/wbem/wsman/1/wsman.xsd">
    <s:Header>
        <a:Action>http://schemas.microsoft.com/wbem/wsman/1/windows/shell/ReceiveResponse</a:Action>
        <a:MessageID>uuid:07AD196C-8C8B-428C-8C4D-6132BF6E15FE</a:MessageID>
        <a:To>http://schemas.xmlsoap.org/ws/2004/08/addressing/role/anonymous</a:To>
        <a:RelatesTo>uuid:21f6d238-e883-4509-b3d0-c94dea6865ef</a:RelatesTo>
    </s:Header>
    <s:Body>
        <rsp:ReceiveResponse>
            <rsp:Stream Name="stdout" CommandId="14780ACE-8F3B-45A5-8C1E-8232A5D5C159">
                DQpEaXNrUGFydCBoYXMgZmluaXNoZWQgc2Nhbm5pbmcgeW91ciBjb25maWd1cmF0aW9uLg0K
            </rsp:Stream>
            <rsp:Stream Name="stdout" CommandId="14780ACE-8F3B-45A5-8C1E-8232A5D5C159">DQpESVNLUEFSVD4g</rsp:Stream>
            <rsp:Stream Name="stdout" CommandId="14780ACE-8F3B-45A5-8C1E-8232A5D5C159">
                DQpMZWF2aW5nIERpc2tQYXJ0Li4uDQo=
            </rsp:Stream>
            <rsp:Stream Name="stdout" CommandId="14780ACE-8F3B-45A5-8C1E-8232A5D5C159" End="true"></rsp:Stream>
            <rsp:Stream Name="stderr" CommandId="14780ACE-8F3B-45A5-8C1E-8232A5D5C159" End="true"></rsp:Stream>
            <rsp:CommandState CommandId="14780ACE-8F3B-45A5-8C1E-8232A5D5C159"
                              State="http://schemas.microsoft.com/wbem/wsman/1/windows/shell/CommandState/Done">
                <rsp:ExitCode>0</rsp:ExitCode>
            </rsp:CommandState>
        </rsp:ReceiveResponse>
    </s:Body>
</s:Envelope>
