<s:Envelope xml:lang="en-US" xmlns:s="http://www.w3.org/2003/05/soap-envelope"
            xmlns:a="http://schemas.xmlsoap.org/ws/2004/08/addressing"
            xmlns:w="http://schemas.dmtf.org/wbem/wsman/1/wsman.xsd"
            xmlns:p="http://schemas.microsoft.com/wbem/wsman/1/wsman.xsd">
    <s:Header>
        <a:Action>http://schemas.xmlsoap.org/ws/2004/09/transfer/DeleteResponse</a:Action>
        <a:MessageID>uuid:EBAE0932-687C-4293-A06E-916ECF177F08</a:MessageID>
        <a:To>http://schemas.xmlsoap.org/ws/2004/08/addressing/role/anonymous</a:To>
        <a:RelatesTo>uuid:95996e49-578e-4f46-9fbb-3dbffc3db448</a:RelatesTo>
    </s:Header>
    <s:Body></s:Body>
</s:Envelope>