<s:Envelope xml:lang="en-US" xmlns:s="http://www.w3.org/2003/05/soap-envelope"
            xmlns:a="http://schemas.xmlsoap.org/ws/2004/08/addressing"
            xmlns:x="http://schemas.xmlsoap.org/ws/2004/09/transfer"
            xmlns:w="http://schemas.dmtf.org/wbem/wsman/1/wsman.xsd"
            xmlns:rsp="http://schemas.microsoft.com/wbem/wsman/1/windows/shell"
            xmlns:p="http://schemas.microsoft.com/wbem/wsman/1/wsman.xsd">
    <s:Header>
        <a:Action>http://schemas.xmlsoap.org/ws/2004/09/transfer/CreateResponse</a:Action>
        <a:MessageID>uuid:A4B2F4F4-7862-4945-8CF6-198FBACDB5FE</a:MessageID>
        <a:To>http://schemas.xmlsoap.org/ws/2004/08/addressing/role/anonymous</a:To>
        <a:RelatesTo>uuid:1de86882-4e48-4e24-810a-887c4967834e</a:RelatesTo>
    </s:Header>
    <s:Body>
        <x:ResourceCreated>
            <a:Address>http://lglw7152.lss.emc.com:5985/wsman</a:Address>
            <a:ReferenceParameters>
                <w:ResourceURI>http://schemas.microsoft.com/wbem/wsman/1/windows/shell/cmd</w:ResourceURI>
                <w:SelectorSet>
                    <w:Selector Name="ShellId">F1906FB4-8B6D-4ABB-A44F-9F9872D1C9D6</w:Selector>
                </w:SelectorSet>
            </a:ReferenceParameters>
        </x:ResourceCreated>
    </s:Body>
</s:Envelope>