<s:Envelope xml:lang="en-US" xmlns:s="http://www.w3.org/2003/05/soap-envelope"
            xmlns:a="http://schemas.xmlsoap.org/ws/2004/08/addressing"
            xmlns:x="http://schemas.xmlsoap.org/ws/2004/09/transfer"
            xmlns:w="http://schemas.dmtf.org/wbem/wsman/1/wsman.xsd"
            xmlns:rsp="http://schemas.microsoft.com/wbem/wsman/1/windows/shell"
            xmlns:p="http://schemas.microsoft.com/wbem/wsman/1/wsman.xsd">
    <s:Header>
        <a:Action>http://schemas.microsoft.com/wbem/wsman/1/windows/shell/CommandResponse</a:Action>
        <a:MessageID>uuid:7ADF3566-6CC3-44FB-8A2E-95F5674FA201</a:MessageID>
        <a:To>http://schemas.xmlsoap.org/ws/2004/08/addressing/role/anonymous</a:To>
        <a:RelatesTo>uuid:1a169f5f-f3e6-4fcf-9e82-00c923e1c620</a:RelatesTo>
    </s:Header>
    <s:Body>
        <rsp:CommandResponse>
            <rsp:CommandId>14780ACE-8F3B-45A5-8C1E-8232A5D5C159</rsp:CommandId>
        </rsp:CommandResponse>
    </s:Body>
</s:Envelope>
