<?xml version="1.0" encoding="UTF-8"?>
<s:Envelope xmlns:s="http://www.w3.org/2003/05/soap-envelope" xmlns:a="http://schemas.xmlsoap.org/ws/2004/08/addressing" xmlns:p="http://schemas.microsoft.com/wbem/wsman/1/wsman.xsd" xmlns:rsp="http://schemas.microsoft.com/wbem/wsman/1/windows/shell" xmlns:w="http://schemas.dmtf.org/wbem/wsman/1/wsman.xsd" xml:lang="en-US">
   <s:Header>
      <a:Action>http://schemas.microsoft.com/wbem/wsman/1/windows/shell/ReceiveResponse</a:Action>
      <a:MessageID>uuid:ABCD242E-530D-41D1-900B-737E3FCA40D3</a:MessageID>
      <a:To>http://schemas.xmlsoap.org/ws/2004/08/addressing/role/anonymous</a:To>
      <a:RelatesTo>uuid:c4f00134-2e11-44b1-bce4-6aebaa58ebd2</a:RelatesTo>
   </s:Header>
   <s:Body>
      <rsp:ReceiveResponse>
         <rsp:Stream Name="stdout" CommandId="20246AF9-1B7D-41E9-9918-D65F53FD5F70">${version}</rsp:Stream>
         <rsp:Stream Name="stdout" CommandId="20246AF9-1B7D-41E9-9918-D65F53FD5F70">${hostname}</rsp:Stream>
         <rsp:Stream Name="stdout" CommandId="20246AF9-1B7D-41E9-9918-D65F53FD5F70">DQpESVNLUEFSVD4g</rsp:Stream>
         <rsp:Stream Name="stdout" CommandId="20246AF9-1B7D-41E9-9918-D65F53FD5F70">${index}</rsp:Stream>
         <rsp:Stream Name="stdout" CommandId="20246AF9-1B7D-41E9-9918-D65F53FD5F70">DQpESVNLUEFSVD4g</rsp:Stream>
         <rsp:Stream Name="stdout" CommandId="20246AF9-1B7D-41E9-9918-D65F53FD5F70">DQpEaXNrUGFydCBzdWNjZXNzZnVsbHkgb2ZmbGluZWQgdGhlIHNlbGVjdGVkIGRpc2suDQo=</rsp:Stream>
         <rsp:Stream Name="stdout" CommandId="20246AF9-1B7D-41E9-9918-D65F53FD5F70">DQpESVNLUEFSVD4g</rsp:Stream>
         <rsp:Stream Name="stdout" CommandId="20246AF9-1B7D-41E9-9918-D65F53FD5F70">DQpMZWF2aW5nIERpc2tQYXJ0Li4uDQo=</rsp:Stream>
         <rsp:Stream Name="stdout" CommandId="20246AF9-1B7D-41E9-9918-D65F53FD5F70" End="true" />
         <rsp:Stream Name="stderr" CommandId="20246AF9-1B7D-41E9-9918-D65F53FD5F70" End="true" />
         <rsp:CommandState CommandId="20246AF9-1B7D-41E9-9918-D65F53FD5F70" State="http://schemas.microsoft.com/wbem/wsman/1/windows/shell/CommandState/Done">
            <rsp:ExitCode>0</rsp:ExitCode>
         </rsp:CommandState>
      </rsp:ReceiveResponse>
   </s:Body>
</s:Envelope>
