<s:Envelope xml:lang="en-US" xmlns:s="http://www.w3.org/2003/05/soap-envelope" xmlns:a="http://schemas.xmlsoap.org/ws/2004/08/addressing" xmlns:n="http://schemas.xmlsoap.org/ws/2004/09/enumeration" xmlns:w="http://schemas.dmtf.org/wbem/wsman/1/wsman.xsd">
    <s:Header>
        <a:Action>http://schemas.xmlsoap.org/ws/2004/09/enumeration/EnumerateResponse</a:Action>
        <a:MessageID>uuid:8C7E1B57-6D7D-4502-91E6-D4A91B9995DE</a:MessageID>
        <a:To>http://schemas.xmlsoap.org/ws/2004/08/addressing/role/anonymous</a:To>
        <a:RelatesTo>uuid:58b9f05d-1066-4b87-a725-55a04da41e61</a:RelatesTo>
    </s:Header>
    <s:Body>
        <n:EnumerateResponse>
            <n:EnumerationContext>uuid:87ABC1CF-C9B9-4579-8966-753D46F0073F</n:EnumerationContext>
        </n:EnumerateResponse>
    </s:Body>
</s:Envelope>
