<s:Envelope xml:lang="en-US" xmlns:s="http://www.w3.org/2003/05/soap-envelope"
            xmlns:a="http://schemas.xmlsoap.org/ws/2004/08/addressing"
            xmlns:n="http://schemas.xmlsoap.org/ws/2004/09/enumeration"
            xmlns:w="http://schemas.dmtf.org/wbem/wsman/1/wsman.xsd">
    <s:Header>
        <a:Action>http://schemas.xmlsoap.org/ws/2004/09/enumeration/PullResponse</a:Action>
        <a:MessageID>uuid:F00F89F8-EE94-4179-9347-8F393FFD8B45</a:MessageID>
        <a:To>http://schemas.xmlsoap.org/ws/2004/08/addressing/role/anonymous</a:To>
        <a:RelatesTo>uuid:601a7cc0-8673-421e-93db-0820ae957f5d</a:RelatesTo>
    </s:Header>
    <s:Body>
        <n:PullResponse>
            <n:Items>
                <p:Win32_DiskDrive xmlns:xsi="http://www.w3.org/2001/XMLSchema-instance"
                                   xmlns:p="http://schemas.microsoft.com/wbem/wsman/1/wmi/root/cimv2/Win32_DiskDrive"
                                   xmlns:cim="http://schemas.dmtf.org/wbem/wscim/1/common" xsi:type="p:Win32_DiskDrive_Type">
                    <p:Availability xsi:nil="true"/>
                    <p:BytesPerSector>512</p:BytesPerSector>
                    <p:Capabilities>3</p:Capabilities>
                    <p:Capabilities>4</p:Capabilities>
                    <p:CapabilityDescriptions>Random Access</p:CapabilityDescriptions>
                    <p:CapabilityDescriptions>Supports Writing</p:CapabilityDescriptions>
                    <p:Caption>EMC SYMMETRIX SCSI Disk Device</p:Caption>
                    <p:CompressionMethod xsi:nil="true"/>
                    <p:ConfigManagerErrorCode>0</p:ConfigManagerErrorCode>
                    <p:ConfigManagerUserConfig>false</p:ConfigManagerUserConfig>
                    <p:CreationClassName>Win32_DiskDrive</p:CreationClassName>
                    <p:DefaultBlockSize xsi:nil="true"/>
                    <p:Description>Disk drive</p:Description>
                    <p:DeviceID>\\.\PHYSICALDRIVE4</p:DeviceID>
                    <p:ErrorCleared xsi:nil="true"/>
                    <p:ErrorDescription xsi:nil="true"/>
                    <p:ErrorMethodology xsi:nil="true"/>
                    <p:FirmwareRevision>5874</p:FirmwareRevision>
                    <p:Index>4</p:Index>
                    <p:InstallDate xsi:nil="true"/>
                    <p:InterfaceType>SCSI</p:InterfaceType>
                    <p:LastErrorCode xsi:nil="true"/>
                    <p:Manufacturer>(Standard disk drives)</p:Manufacturer>
                    <p:MaxBlockSize xsi:nil="true"/>
                    <p:MaxMediaSize xsi:nil="true"/>
                    <p:MediaLoaded>true</p:MediaLoaded>
                    <p:MediaType>Fixed hard disk media</p:MediaType>
                    <p:MinBlockSize xsi:nil="true"/>
                    <p:Model>EMC SYMMETRIX SCSI Disk Device</p:Model>
                    <p:Name>\\.\PHYSICALDRIVE4</p:Name>
                    <p:NeedsCleaning xsi:nil="true"/>
                    <p:NumberOfMediaSupported xsi:nil="true"/>
                    <p:Partitions>1</p:Partitions>
                    <p:PNPDeviceID>SCSI\DISK&amp;VEN_EMC&amp;PROD_SYMMETRIX\5&amp;15D8C9C9&amp;0&amp;000001
                    </p:PNPDeviceID>
                    <p:PowerManagementSupported xsi:nil="true"/>
                    <p:SCSIBus>0</p:SCSIBus>
                    <p:SCSILogicalUnit>1</p:SCSILogicalUnit>
                    <p:SCSIPort>2</p:SCSIPort>
                    <p:SCSITargetId>0</p:SCSITargetId>
                    <p:SectorsPerTrack>63</p:SectorsPerTrack>
                    <p:SerialNumber>701430"S!000</p:SerialNumber>
                    <p:Signature>886251305</p:Signature>
                    <p:Size>1069286400</p:Size>
                    <p:Status>OK</p:Status>
                    <p:StatusInfo xsi:nil="true"/>
                    <p:SystemCreationClassName>Win32_ComputerSystem</p:SystemCreationClassName>
                    <p:SystemName>LGLW7152</p:SystemName>
                    <p:TotalCylinders>130</p:TotalCylinders>
                    <p:TotalHeads>255</p:TotalHeads>
                    <p:TotalSectors>2088450</p:TotalSectors>
                    <p:TotalTracks>33150</p:TotalTracks>
                    <p:TracksPerCylinder>255</p:TracksPerCylinder>
                </p:Win32_DiskDrive>
            </n:Items>
            <n:EndOfSequence/>
        </n:PullResponse>
    </s:Body>
</s:Envelope>
