                <p:MSFC_FibrePortHBAAttributes xmlns:xsi="http://www.w3.org/2001/XMLSchema-instance"
                                               xmlns:p="http://schemas.microsoft.com/wbem/wsman/1/wmi/root/wmi/MSFC_FibrePortHBAAttributes"
                                               xmlns:cim="http://schemas.dmtf.org/wbem/wscim/1/common"
                                               xsi:type="p:MSFC_FibrePortHBAAttributes_Type">
                    <p:Active>true</p:Active>
                    <p:Attributes xmlns:xsi="http://www.w3.org/2001/XMLSchema-instance"
                                  xmlns:p1="http://schemas.microsoft.com/wbem/wsman/1/wmi/root/wmi/MSFC_HBAPortAttributesResults"
                                  xmlns:cim="http://schemas.dmtf.org/wbem/wscim/1/common"
                                  xsi:type="p1:MSFC_HBAPortAttributesResults_Type">
                        <p1:FabricName>16</p1:FabricName>
                        <p1:FabricName>0</p1:FabricName>
                        <p1:FabricName>0</p1:FabricName>
                        <p1:FabricName>39</p1:FabricName>
                        <p1:FabricName>248</p1:FabricName>
                        <p1:FabricName>88</p1:FabricName>
                        <p1:FabricName>246</p1:FabricName>
                        <p1:FabricName>189</p1:FabricName>
                        <!-- according to Host Initiators: 20:00:00:90:FA:14:34:3A, need to be generated dynamically -->
                        <p1:NodeWWN>${NodeWWN0}</p1:NodeWWN>
                        <p1:NodeWWN>${NodeWWN1}</p1:NodeWWN>
                        <p1:NodeWWN>${NodeWWN2}</p1:NodeWWN>
                        <p1:NodeWWN>${NodeWWN3}</p1:NodeWWN>
                        <p1:NodeWWN>${NodeWWN4}</p1:NodeWWN>
                        <p1:NodeWWN>${NodeWWN5}</p1:NodeWWN>
                        <p1:NodeWWN>${NodeWWN6}</p1:NodeWWN>
                        <p1:NodeWWN>${NodeWWN7}</p1:NodeWWN>
                        <p1:NumberofDiscoveredPorts>4</p1:NumberofDiscoveredPorts>
                        <p1:PortActiveFc4Types>0</p1:PortActiveFc4Types>
                        <p1:PortActiveFc4Types>0</p1:PortActiveFc4Types>
                        <p1:PortActiveFc4Types>1</p1:PortActiveFc4Types>
                        <p1:PortActiveFc4Types>0</p1:PortActiveFc4Types>
                        <p1:PortActiveFc4Types>0</p1:PortActiveFc4Types>
                        <p1:PortActiveFc4Types>0</p1:PortActiveFc4Types>
                        <p1:PortActiveFc4Types>0</p1:PortActiveFc4Types>
                        <p1:PortActiveFc4Types>1</p1:PortActiveFc4Types>
                        <p1:PortActiveFc4Types>0</p1:PortActiveFc4Types>
                        <p1:PortActiveFc4Types>0</p1:PortActiveFc4Types>
                        <p1:PortActiveFc4Types>0</p1:PortActiveFc4Types>
                        <p1:PortActiveFc4Types>0</p1:PortActiveFc4Types>
                        <p1:PortActiveFc4Types>0</p1:PortActiveFc4Types>
                        <p1:PortActiveFc4Types>0</p1:PortActiveFc4Types>
                        <p1:PortActiveFc4Types>0</p1:PortActiveFc4Types>
                        <p1:PortActiveFc4Types>0</p1:PortActiveFc4Types>
                        <p1:PortActiveFc4Types>0</p1:PortActiveFc4Types>
                        <p1:PortActiveFc4Types>0</p1:PortActiveFc4Types>
                        <p1:PortActiveFc4Types>0</p1:PortActiveFc4Types>
                        <p1:PortActiveFc4Types>0</p1:PortActiveFc4Types>
                        <p1:PortActiveFc4Types>0</p1:PortActiveFc4Types>
                        <p1:PortActiveFc4Types>0
                        </p1:PortActiveFc4Types>
                        <p1:PortActiveFc4Types>0</p1:PortActiveFc4Types>
                        <p1:PortActiveFc4Types>0</p1:PortActiveFc4Types>
                        <p1:PortActiveFc4Types>0</p1:PortActiveFc4Types>
                        <p1:PortActiveFc4Types>0</p1:PortActiveFc4Types>
                        <p1:PortActiveFc4Types>0</p1:PortActiveFc4Types>
                        <p1:PortActiveFc4Types>0</p1:PortActiveFc4Types>
                        <p1:PortActiveFc4Types>0</p1:PortActiveFc4Types>
                        <p1:PortActiveFc4Types>0</p1:PortActiveFc4Types>
                        <p1:PortActiveFc4Types>0</p1:PortActiveFc4Types>
                        <p1:PortActiveFc4Types>0</p1:PortActiveFc4Types>
                        <p1:PortFcId>2007872</p1:PortFcId>
                        <p1:PortMaxFrameSize>2048</p1:PortMaxFrameSize>
                        <p1:PortSpeed>16</p1:PortSpeed>
                        <p1:PortState>2</p1:PortState>
                        <p1:PortSupportedClassofService>8</p1:PortSupportedClassofService>
                        <p1:PortSupportedFc4Types>0</p1:PortSupportedFc4Types>
                        <p1:PortSupportedFc4Types>0</p1:PortSupportedFc4Types>
                        <p1:PortSupportedFc4Types>1</p1:PortSupportedFc4Types>
                        <p1:PortSupportedFc4Types>0</p1:PortSupportedFc4Types>
                        <p1:PortSupportedFc4Types>0</p1:PortSupportedFc4Types>
                        <p1:PortSupportedFc4Types>0</p1:PortSupportedFc4Types>
                        <p1:PortSupportedFc4Types>0</p1:PortSupportedFc4Types>
                        <p1:PortSupportedFc4Types>1</p1:PortSupportedFc4Types>
                        <p1:PortSupportedFc4Types>0</p1:PortSupportedFc4Types>
                        <p1:PortSupportedFc4Types>0</p1:PortSupportedFc4Types>
                        <p1:PortSupportedFc4Types>0</p1:PortSupportedFc4Types>
                        <p1:PortSupportedFc4Types>0</p1:PortSupportedFc4Types>
                        <p1:PortSupportedFc4Types>0</p1:PortSupportedFc4Types>
                        <p1:PortSupportedFc4Types>0
                        </p1:PortSupportedFc4Types>
                        <p1:PortSupportedFc4Types>0</p1:PortSupportedFc4Types>
                        <p1:PortSupportedFc4Types>0</p1:PortSupportedFc4Types>
                        <p1:PortSupportedFc4Types>0</p1:PortSupportedFc4Types>
                        <p1:PortSupportedFc4Types>0</p1:PortSupportedFc4Types>
                        <p1:PortSupportedFc4Types>0</p1:PortSupportedFc4Types>
                        <p1:PortSupportedFc4Types>0</p1:PortSupportedFc4Types>
                        <p1:PortSupportedFc4Types>0</p1:PortSupportedFc4Types>
                        <p1:PortSupportedFc4Types>0</p1:PortSupportedFc4Types>
                        <p1:PortSupportedFc4Types>0</p1:PortSupportedFc4Types>
                        <p1:PortSupportedFc4Types>0</p1:PortSupportedFc4Types>
                        <p1:PortSupportedFc4Types>0</p1:PortSupportedFc4Types>
                        <p1:PortSupportedFc4Types>0</p1:PortSupportedFc4Types>
                        <p1:PortSupportedFc4Types>0</p1:PortSupportedFc4Types>
                        <p1:PortSupportedFc4Types>0</p1:PortSupportedFc4Types>
                        <p1:PortSupportedFc4Types>0</p1:PortSupportedFc4Types>
                        <p1:PortSupportedFc4Types>0</p1:PortSupportedFc4Types>
                        <p1:PortSupportedFc4Types>0</p1:PortSupportedFc4Types>
                        <p1:PortSupportedFc4Types>0</p1:PortSupportedFc4Types>
                        <p1:PortSupportedSpeed>26</p1:PortSupportedSpeed>
                        <p1:PortType>5</p1:PortType>
                        <p1:PortWWN>${PortWWN0}</p1:PortWWN>
                        <p1:PortWWN>${PortWWN1}</p1:PortWWN>
                        <p1:PortWWN>${PortWWN2}</p1:PortWWN>
                        <p1:PortWWN>${PortWWN3}</p1:PortWWN>
                        <p1:PortWWN>${PortWWN4}</p1:PortWWN>
                        <p1:PortWWN>${PortWWN5}</p1:PortWWN>
                        <p1:PortWWN>${PortWWN6}</p1:PortWWN>
                        <p1:PortWWN>${PortWWN7}</p1:PortWWN>
                    </p:Attributes>
                    <p:HBAStatus>0</p:HBAStatus>
                    <p:InstanceName>PCI\VEN_10DF&amp;DEV_F100&amp;SUBSYS_F10010DF&amp;REV_03\4&amp;2d2774ef&amp;0&amp;0018_0</p:InstanceName>
                    <p:UniquePortId>18446738028048097288</p:UniquePortId>
                </p:MSFC_FibrePortHBAAttributes>