<s:Envelope xml:lang="en-US" xmlns:s="http://www.w3.org/2003/05/soap-envelope"
            xmlns:a="http://schemas.xmlsoap.org/ws/2004/08/addressing"
            xmlns:n="http://schemas.xmlsoap.org/ws/2004/09/enumeration"
            xmlns:w="http://schemas.dmtf.org/wbem/wsman/1/wsman.xsd">
    <s:Header>
        <a:Action>http://schemas.xmlsoap.org/ws/2004/09/enumeration/EnumerateResponse</a:Action>
        <a:MessageID>uuid:DDB20FD9-BE70-4AE0-8392-34E9D9794B05</a:MessageID>
        <a:To>http://schemas.xmlsoap.org/ws/2004/08/addressing/role/anonymous</a:To>
        <a:RelatesTo>uuid:ab86ae94-5133-4f85-a94a-34b5c09b8794</a:RelatesTo>
    </s:Header>
    <s:Body>
        <n:EnumerateResponse>
            <n:EnumerationContext>uuid:17108005-45C0-4281-B26D-46EEA55A9D4F</n:EnumerationContext>
        </n:EnumerateResponse>
    </s:Body>
</s:Envelope>