<s:Envelope xml:lang="en-US" xmlns:s="http://www.w3.org/2003/05/soap-envelope"
            xmlns:a="http://schemas.xmlsoap.org/ws/2004/08/addressing"
            xmlns:n="http://schemas.xmlsoap.org/ws/2004/09/enumeration"
            xmlns:w="http://schemas.dmtf.org/wbem/wsman/1/wsman.xsd">
    <s:Header>
        <a:Action>http://schemas.xmlsoap.org/ws/2004/09/enumeration/PullResponse</a:Action>
        <a:MessageID>uuid:B07B0501-BC07-4CF7-81D3-2F2DC21977F9</a:MessageID>
        <a:To>http://schemas.xmlsoap.org/ws/2004/08/addressing/role/anonymous</a:To>
        <a:RelatesTo>uuid:830fe5e6-2d4e-4fdf-a9d3-1fbd05018033</a:RelatesTo>
    </s:Header>
    <s:Body>
        <n:PullResponse>
            <n:Items>
                <p:MSFC_FibrePortHBAAttributes xmlns:xsi="http://www.w3.org/2001/XMLSchema-instance"
                                               xmlns:p="http://schemas.microsoft.com/wbem/wsman/1/wmi/root/wmi/MSFC_FibrePortHBAAttributes"
                                               xmlns:cim="http://schemas.dmtf.org/wbem/wscim/1/common"
                                               xsi:type="p:MSFC_FibrePortHBAAttributes_Type">
                    <p:Active>true</p:Active>
                    <p:Attributes xmlns:xsi="http://www.w3.org/2001/XMLSchema-instance"
                                  xmlns:p1="http://schemas.microsoft.com/wbem/wsman/1/wmi/root/wmi/MSFC_HBAPortAttributesResults"
                                  xmlns:cim="http://schemas.dmtf.org/wbem/wscim/1/common"
                                  xsi:type="p1:MSFC_HBAPortAttributesResults_Type">
                        <p1:FabricName>16</p1:FabricName>
                        <p1:FabricName>0</p1:FabricName>
                        <p1:FabricName>0</p1:FabricName>
                        <p1:FabricName>39</p1:FabricName>
                        <p1:FabricName>248</p1:FabricName>
                        <p1:FabricName>88</p1:FabricName>
                        <p1:FabricName>246</p1:FabricName>
                        <p1:FabricName>189</p1:FabricName>
                        <p1:NodeWWN>32</p1:NodeWWN>
                        <p1:NodeWWN>0</p1:NodeWWN>
                        <p1:NodeWWN>0</p1:NodeWWN>
                        <p1:NodeWWN>144</p1:NodeWWN>
                        <p1:NodeWWN>250</p1:NodeWWN>
                        <p1:NodeWWN>20</p1:NodeWWN>
                        <p1:NodeWWN>52</p1:NodeWWN>
                        <p1:NodeWWN>58</p1:NodeWWN>
                        <p1:NumberofDiscoveredPorts>4</p1:NumberofDiscoveredPorts>
                        <p1:PortActiveFc4Types>0</p1:PortActiveFc4Types>
                        <p1:PortActiveFc4Types>0</p1:PortActiveFc4Types>
                        <p1:PortActiveFc4Types>1</p1:PortActiveFc4Types>
                        <p1:PortActiveFc4Types>0</p1:PortActiveFc4Types>
                        <p1:PortActiveFc4Types>0</p1:PortActiveFc4Types>
                        <p1:PortActiveFc4Types>0</p1:PortActiveFc4Types>
                        <p1:PortActiveFc4Types>0</p1:PortActiveFc4Types>
                        <p1:PortActiveFc4Types>1</p1:PortActiveFc4Types>
                        <p1:PortActiveFc4Types>0</p1:PortActiveFc4Types>
                        <p1:PortActiveFc4Types>0</p1:PortActiveFc4Types>
                        <p1:PortActiveFc4Types>0</p1:PortActiveFc4Types>
                        <p1:PortActiveFc4Types>0</p1:PortActiveFc4Types>
                        <p1:PortActiveFc4Types>0</p1:PortActiveFc4Types>
                        <p1:PortActiveFc4Types>0</p1:PortActiveFc4Types>
                        <p1:PortActiveFc4Types>0</p1:PortActiveFc4Types>
                        <p1:PortActiveFc4Types>0</p1:PortActiveFc4Types>
                        <p1:PortActiveFc4Types>0</p1:PortActiveFc4Types>
                        <p1:PortActiveFc4Types>0</p1:PortActiveFc4Types>
                        <p1:PortActiveFc4Types>0</p1:PortActiveFc4Types>
                        <p1:PortActiveFc4Types>0</p1:PortActiveFc4Types>
                        <p1:PortActiveFc4Types>0</p1:PortActiveFc4Types>
                        <p1:PortActiveFc4Types>0
                        </p1:PortActiveFc4Types>
                        <p1:PortActiveFc4Types>0</p1:PortActiveFc4Types>
                        <p1:PortActiveFc4Types>0</p1:PortActiveFc4Types>
                        <p1:PortActiveFc4Types>0</p1:PortActiveFc4Types>
                        <p1:PortActiveFc4Types>0</p1:PortActiveFc4Types>
                        <p1:PortActiveFc4Types>0</p1:PortActiveFc4Types>
                        <p1:PortActiveFc4Types>0</p1:PortActiveFc4Types>
                        <p1:PortActiveFc4Types>0</p1:PortActiveFc4Types>
                        <p1:PortActiveFc4Types>0</p1:PortActiveFc4Types>
                        <p1:PortActiveFc4Types>0</p1:PortActiveFc4Types>
                        <p1:PortActiveFc4Types>0</p1:PortActiveFc4Types>
                        <p1:PortFcId>2007872</p1:PortFcId>
                        <p1:PortMaxFrameSize>2048</p1:PortMaxFrameSize>
                        <p1:PortSpeed>16</p1:PortSpeed>
                        <p1:PortState>2</p1:PortState>
                        <p1:PortSupportedClassofService>8</p1:PortSupportedClassofService>
                        <p1:PortSupportedFc4Types>0</p1:PortSupportedFc4Types>
                        <p1:PortSupportedFc4Types>0</p1:PortSupportedFc4Types>
                        <p1:PortSupportedFc4Types>1</p1:PortSupportedFc4Types>
                        <p1:PortSupportedFc4Types>0</p1:PortSupportedFc4Types>
                        <p1:PortSupportedFc4Types>0</p1:PortSupportedFc4Types>
                        <p1:PortSupportedFc4Types>0</p1:PortSupportedFc4Types>
                        <p1:PortSupportedFc4Types>0</p1:PortSupportedFc4Types>
                        <p1:PortSupportedFc4Types>1</p1:PortSupportedFc4Types>
                        <p1:PortSupportedFc4Types>0</p1:PortSupportedFc4Types>
                        <p1:PortSupportedFc4Types>0</p1:PortSupportedFc4Types>
                        <p1:PortSupportedFc4Types>0</p1:PortSupportedFc4Types>
                        <p1:PortSupportedFc4Types>0</p1:PortSupportedFc4Types>
                        <p1:PortSupportedFc4Types>0</p1:PortSupportedFc4Types>
                        <p1:PortSupportedFc4Types>0
                        </p1:PortSupportedFc4Types>
                        <p1:PortSupportedFc4Types>0</p1:PortSupportedFc4Types>
                        <p1:PortSupportedFc4Types>0</p1:PortSupportedFc4Types>
                        <p1:PortSupportedFc4Types>0</p1:PortSupportedFc4Types>
                        <p1:PortSupportedFc4Types>0</p1:PortSupportedFc4Types>
                        <p1:PortSupportedFc4Types>0</p1:PortSupportedFc4Types>
                        <p1:PortSupportedFc4Types>0</p1:PortSupportedFc4Types>
                        <p1:PortSupportedFc4Types>0</p1:PortSupportedFc4Types>
                        <p1:PortSupportedFc4Types>0</p1:PortSupportedFc4Types>
                        <p1:PortSupportedFc4Types>0</p1:PortSupportedFc4Types>
                        <p1:PortSupportedFc4Types>0</p1:PortSupportedFc4Types>
                        <p1:PortSupportedFc4Types>0</p1:PortSupportedFc4Types>
                        <p1:PortSupportedFc4Types>0</p1:PortSupportedFc4Types>
                        <p1:PortSupportedFc4Types>0</p1:PortSupportedFc4Types>
                        <p1:PortSupportedFc4Types>0</p1:PortSupportedFc4Types>
                        <p1:PortSupportedFc4Types>0</p1:PortSupportedFc4Types>
                        <p1:PortSupportedFc4Types>0</p1:PortSupportedFc4Types>
                        <p1:PortSupportedFc4Types>0</p1:PortSupportedFc4Types>
                        <p1:PortSupportedFc4Types>0</p1:PortSupportedFc4Types>
                        <p1:PortSupportedSpeed>26</p1:PortSupportedSpeed>
                        <p1:PortType>5</p1:PortType>
                        <p1:PortWWN>16</p1:PortWWN>
                        <p1:PortWWN>0</p1:PortWWN>
                        <p1:PortWWN>0</p1:PortWWN>
                        <p1:PortWWN>144</p1:PortWWN>
                        <p1:PortWWN>250</p1:PortWWN>
                        <p1:PortWWN>20</p1:PortWWN>
                        <p1:PortWWN>80</p1:PortWWN>
                        <p1:PortWWN>80</p1:PortWWN>
                    </p:Attributes>
                    <p:HBAStatus>0</p:HBAStatus>
                    <p:InstanceName>PCI\VEN_10DF&amp;DEV_F100&amp;SUBSYS_F10010DF&amp;REV_03\4&amp;2d2774ef&amp;0&amp;0018_0</p:InstanceName>
                    <p:UniquePortId>18446738028048097288</p:UniquePortId>
                </p:MSFC_FibrePortHBAAttributes>
                <p:MSFC_FibrePortHBAAttributes xmlns:xsi="http://www.w3.org/2001/XMLSchema-instance"
                                               xmlns:p="http://schemas.microsoft.com/wbem/wsman/1/wmi/root/wmi/MSFC_FibrePortHBAAttributes"
                                               xmlns:cim="http://schemas.dmtf.org/wbem/wscim/1/common"
                                               xsi:type="p:MSFC_FibrePortHBAAttributes_Type">
                    <p:Active>true</p:Active>
                    <p:Attributes xmlns:xsi="http://www.w3.org/2001/XMLSchema-instance"
                                  xmlns:p1="http://schemas.microsoft.com/wbem/wsman/1/wmi/root/wmi/MSFC_HBAPortAttributesResults"
                                  xmlns:cim="http://schemas.dmtf.org/wbem/wscim/1/common"
                                  xsi:type="p1:MSFC_HBAPortAttributesResults_Type">
                        <p1:FabricName>16</p1:FabricName>
                        <p1:FabricName>0</p1:FabricName>
                        <p1:FabricName>0</p1:FabricName>
                        <p1:FabricName>39</p1:FabricName>
                        <p1:FabricName>248</p1:FabricName>
                        <p1:FabricName>88</p1:FabricName>
                        <p1:FabricName>246</p1:FabricName>
                        <p1:FabricName>189</p1:FabricName>
                        <p1:NodeWWN>32</p1:NodeWWN>
                        <p1:NodeWWN>0</p1:NodeWWN>
                        <p1:NodeWWN>0</p1:NodeWWN>
                        <p1:NodeWWN>144</p1:NodeWWN>
                        <p1:NodeWWN>250</p1:NodeWWN>
                        <p1:NodeWWN>20</p1:NodeWWN>
                        <p1:NodeWWN>52</p1:NodeWWN>
                        <p1:NodeWWN>59</p1:NodeWWN>
                        <p1:NumberofDiscoveredPorts>4</p1:NumberofDiscoveredPorts>
                        <p1:PortActiveFc4Types>0</p1:PortActiveFc4Types>
                        <p1:PortActiveFc4Types>0</p1:PortActiveFc4Types>
                        <p1:PortActiveFc4Types>1</p1:PortActiveFc4Types>
                        <p1:PortActiveFc4Types>0</p1:PortActiveFc4Types>
                        <p1:PortActiveFc4Types>0</p1:PortActiveFc4Types>
                        <p1:PortActiveFc4Types>0</p1:PortActiveFc4Types>
                        <p1:PortActiveFc4Types>0</p1:PortActiveFc4Types>
                        <p1:PortActiveFc4Types>1</p1:PortActiveFc4Types>
                        <p1:PortActiveFc4Types>0</p1:PortActiveFc4Types>
                        <p1:PortActiveFc4Types>0</p1:PortActiveFc4Types>
                        <p1:PortActiveFc4Types>0</p1:PortActiveFc4Types>
                        <p1:PortActiveFc4Types>0</p1:PortActiveFc4Types>
                        <p1:PortActiveFc4Types>0</p1:PortActiveFc4Types>
                        <p1:PortActiveFc4Types>0</p1:PortActiveFc4Types>
                        <p1:PortActiveFc4Types>0</p1:PortActiveFc4Types>
                        <p1:PortActiveFc4Types>0</p1:PortActiveFc4Types>
                        <p1:PortActiveFc4Types>0</p1:PortActiveFc4Types>
                        <p1:PortActiveFc4Types>0</p1:PortActiveFc4Types>
                        <p1:PortActiveFc4Types>0</p1:PortActiveFc4Types>
                        <p1:PortActiveFc4Types>0</p1:PortActiveFc4Types>
                        <p1:PortActiveFc4Types>0</p1:PortActiveFc4Types>
                        <p1:PortActiveFc4Types>0</p1:PortActiveFc4Types>
                        <p1:PortActiveFc4Types>0</p1:PortActiveFc4Types>
                        <p1:PortActiveFc4Types>0</p1:PortActiveFc4Types>
                        <p1:PortActiveFc4Types>0</p1:PortActiveFc4Types>
                        <p1:PortActiveFc4Types>0</p1:PortActiveFc4Types>
                        <p1:PortActiveFc4Types>0</p1:PortActiveFc4Types>
                        <p1:PortActiveFc4Types>0</p1:PortActiveFc4Types>
                        <p1:PortActiveFc4Types>0</p1:PortActiveFc4Types>
                        <p1:PortActiveFc4Types>0</p1:PortActiveFc4Types>
                        <p1:PortActiveFc4Types>0</p1:PortActiveFc4Types>
                        <p1:PortActiveFc4Types>0</p1:PortActiveFc4Types>
                        <p1:PortFcId>2031168</p1:PortFcId>
                        <p1:PortMaxFrameSize>2048</p1:PortMaxFrameSize>
                        <p1:PortSpeed>16</p1:PortSpeed>
                        <p1:PortState>2</p1:PortState>
                        <p1:PortSupportedClassofService>8</p1:PortSupportedClassofService>
                        <p1:PortSupportedFc4Types>0</p1:PortSupportedFc4Types>
                        <p1:PortSupportedFc4Types>0</p1:PortSupportedFc4Types>
                        <p1:PortSupportedFc4Types>1</p1:PortSupportedFc4Types>
                        <p1:PortSupportedFc4Types>0</p1:PortSupportedFc4Types>
                        <p1:PortSupportedFc4Types>0</p1:PortSupportedFc4Types>
                        <p1:PortSupportedFc4Types>0</p1:PortSupportedFc4Types>
                        <p1:PortSupportedFc4Types>0</p1:PortSupportedFc4Types>
                        <p1:PortSupportedFc4Types>1</p1:PortSupportedFc4Types>
                        <p1:PortSupportedFc4Types>0</p1:PortSupportedFc4Types>
                        <p1:PortSupportedFc4Types>0</p1:PortSupportedFc4Types>
                        <p1:PortSupportedFc4Types>0</p1:PortSupportedFc4Types>
                        <p1:PortSupportedFc4Types>0</p1:PortSupportedFc4Types>
                        <p1:PortSupportedFc4Types>0</p1:PortSupportedFc4Types>
                        <p1:PortSupportedFc4Types>0</p1:PortSupportedFc4Types>
                        <p1:PortSupportedFc4Types>0</p1:PortSupportedFc4Types>
                        <p1:PortSupportedFc4Types>0</p1:PortSupportedFc4Types>
                        <p1:PortSupportedFc4Types>0</p1:PortSupportedFc4Types>
                        <p1:PortSupportedFc4Types>0</p1:PortSupportedFc4Types>
                        <p1:PortSupportedFc4Types>0</p1:PortSupportedFc4Types>
                        <p1:PortSupportedFc4Types>0</p1:PortSupportedFc4Types>
                        <p1:PortSupportedFc4Types>0</p1:PortSupportedFc4Types>
                        <p1:PortSupportedFc4Types>0</p1:PortSupportedFc4Types>
                        <p1:PortSupportedFc4Types>0</p1:PortSupportedFc4Types>
                        <p1:PortSupportedFc4Types>0</p1:PortSupportedFc4Types>
                        <p1:PortSupportedFc4Types>0</p1:PortSupportedFc4Types>
                        <p1:PortSupportedFc4Types>0</p1:PortSupportedFc4Types>
                        <p1:PortSupportedFc4Types>0</p1:PortSupportedFc4Types>
                        <p1:PortSupportedFc4Types>0</p1:PortSupportedFc4Types>
                        <p1:PortSupportedFc4Types>0</p1:PortSupportedFc4Types>
                        <p1:PortSupportedFc4Types>0</p1:PortSupportedFc4Types>
                        <p1:PortSupportedFc4Types>0</p1:PortSupportedFc4Types>
                        <p1:PortSupportedFc4Types>0</p1:PortSupportedFc4Types>
                        <p1:PortSupportedSpeed>26</p1:PortSupportedSpeed>
                        <p1:PortType>5</p1:PortType>
                        <p1:PortWWN>16</p1:PortWWN>
                        <p1:PortWWN>0</p1:PortWWN>
                        <p1:PortWWN>0</p1:PortWWN>
                        <p1:PortWWN>144</p1:PortWWN>
                        <p1:PortWWN>250</p1:PortWWN>
                        <p1:PortWWN>20</p1:PortWWN>
                        <p1:PortWWN>81</p1:PortWWN>
                        <p1:PortWWN>81</p1:PortWWN>
                    </p:Attributes>
                    <p:HBAStatus>0</p:HBAStatus>
                    <p:InstanceName>PCI\VEN_10DF&amp;DEV_F100&amp;SUBSYS_F10010DF&amp;REV_03\4&amp;2d2774ef&amp;0&amp;0118_0
                    </p:InstanceName>
                    <p:UniquePortId>18446738028049412104</p:UniquePortId>
                </p:MSFC_FibrePortHBAAttributes>
            </n:Items>
            <n:EndOfSequence/>
        </n:PullResponse>
    </s:Body>
</s:Envelope>
