<s:Envelope xml:lang="en-US" xmlns:s="http://www.w3.org/2003/05/soap-envelope"
            xmlns:a="http://schemas.xmlsoap.org/ws/2004/08/addressing"
            xmlns:x="http://schemas.xmlsoap.org/ws/2004/09/transfer"
            xmlns:e="http://schemas.xmlsoap.org/ws/2004/08/eventing"
            xmlns:n="http://schemas.xmlsoap.org/ws/2004/09/enumeration"
            xmlns:w="http://schemas.dmtf.org/wbem/wsman/1/wsman.xsd"
            xmlns:p="http://schemas.microsoft.com/wbem/wsman/1/wsman.xsd">
    <s:Header>
        <a:Action>http://schemas.dmtf.org/wbem/wsman/1/wsman/fault</a:Action>
        <a:MessageID>uuid:0AE5EEFC-310B-43CE-85F4-BDDCB71E64D3</a:MessageID>
        <a:To>http://schemas.xmlsoap.org/ws/2004/08/addressing/role/anonymous</a:To>
        <a:RelatesTo>uuid:94978da2-d14f-44d2-ba9b-c232b5a9483f</a:RelatesTo>
    </s:Header>
    <s:Body>
        <s:Fault>
            <s:Code>
                <s:Value>s:Receiver</s:Value>
                <s:Subcode>
                    <s:Value>w:InternalError</s:Value>
                </s:Subcode>
            </s:Code>
            <s:Reason>
                <s:Text xml:lang="en-US">An internal error occurred.</s:Text>
            </s:Reason>
            <s:Detail>
                <f:WSManFault xmlns:f="http://schemas.microsoft.com/wbem/wsman/1/wsmanfault" Code="1359"
                              Machine="lglw7152.lss.emc.com">
                    <f:Message>
                        <f:ProviderFault provider="WMI Provider" path="%systemroot%\system32\WsmWmiPl.dll">
                            <f:WSManFault xmlns:f="http://schemas.microsoft.com/wbem/wsman/1/wsmanfault" Code="1359"
                                          Machine="lglw7152.lss.emc.com">
                                <f:Message>HRESULT = 0x80041001</f:Message>
                            </f:WSManFault>
                            <f:ExtendedError>
                                <p:__ExtendedStatus xmlns:xsi="http://www.w3.org/2001/XMLSchema-instance"
                                                    xmlns:p="http://schemas.microsoft.com/wbem/wsman/1/wmi/root/wmi/__ExtendedStatus"
                                                    xmlns:cim="http://schemas.dmtf.org/wbem/wscim/1/common"
                                                    xsi:type="p:__ExtendedStatus_Type">
                                    <p:Description xsi:nil="true"/>
                                    <p:Operation>iSCSINodeName</p:Operation>
                                    <p:ParameterInfo>select * from MSiSCSIInitiator_MethodClass</p:ParameterInfo>
                                    <p:ProviderName>MSiSCSIInitiator_MethodClass</p:ProviderName>
                                    <p:StatusCode>4026466366</p:StatusCode>
                                </p:__ExtendedStatus>
                            </f:ExtendedError>
                        </f:ProviderFault>
                    </f:Message>
                </f:WSManFault>
            </s:Detail>
        </s:Fault>
    </s:Body>
</s:Envelope>