<s:Envelope xml:lang="en-US" xmlns:s="http://www.w3.org/2003/05/soap-envelope"
            xmlns:a="http://schemas.xmlsoap.org/ws/2004/08/addressing"
            xmlns:n="http://schemas.xmlsoap.org/ws/2004/09/enumeration"
            xmlns:w="http://schemas.dmtf.org/wbem/wsman/1/wsman.xsd">
    <s:Header>
        <a:Action>http://schemas.xmlsoap.org/ws/2004/09/enumeration/PullResponse</a:Action>
        <a:MessageID>uuid:0693FC2D-68DD-49E8-90E8-E0B49AB210E5</a:MessageID>
        <a:To>http://schemas.xmlsoap.org/ws/2004/08/addressing/role/anonymous</a:To>
        <a:RelatesTo>uuid:66b6740b-a8da-4f1b-be37-077c107f48e7</a:RelatesTo>
    </s:Header>
    <s:Body>
        <n:PullResponse>
            <n:Items>
                <p:Win32_NetworkAdapterConfiguration xmlns:xsi="http://www.w3.org/2001/XMLSchema-instance"
                                                     xmlns:p="http://schemas.microsoft.com/wbem/wsman/1/wmi/root/cimv2/Win32_NetworkAdapterConfiguration"
                                                     xmlns:cim="http://schemas.dmtf.org/wbem/wscim/1/common"
                                                     xsi:type="p:Win32_NetworkAdapterConfiguration_Type">
                    <p:ArpAlwaysSourceRoute xsi:nil="true"/>
                    <p:ArpUseEtherSNAP xsi:nil="true"/>
                    <p:Caption>[00000010] Cisco 1GigE I350 LOM</p:Caption>
                    <p:DatabasePath xsi:nil="true"/>
                    <p:DeadGWDetectEnabled xsi:nil="true"/>
                    <p:DefaultTOS xsi:nil="true"/>
                    <p:DefaultTTL xsi:nil="true"/>
                    <p:Description>Cisco 1GigE I350 LOM</p:Description>
                    <p:DHCPEnabled>true</p:DHCPEnabled>
                    <p:DHCPLeaseExpires xsi:nil="true"/>
                    <p:DHCPLeaseObtained xsi:nil="true"/>
                    <p:DHCPServer xsi:nil="true"/>
                    <p:DNSDomain xsi:nil="true"/>
                    <p:DNSEnabledForWINSResolution xsi:nil="true"/>
                    <p:DNSHostName xsi:nil="true"/>
                    <p:DomainDNSRegistrationEnabled xsi:nil="true"/>
                    <p:ForwardBufferMemory xsi:nil="true"/>
                    <p:FullDNSRegistrationEnabled xsi:nil="true"/>
                    <p:IGMPLevel xsi:nil="true"/>
                    <p:Index>10</p:Index>
                    <p:InterfaceIndex>13</p:InterfaceIndex>
                    <p:IPConnectionMetric xsi:nil="true"/>
                    <p:IPEnabled>false</p:IPEnabled>
                    <p:IPFilterSecurityEnabled xsi:nil="true"/>
                    <p:IPPortSecurityEnabled xsi:nil="true"/>
                    <p:IPUseZeroBroadcast xsi:nil="true"/>
                    <p:IPXAddress xsi:nil="true"/>
                    <p:IPXEnabled xsi:nil="true"/>
                    <p:IPXMediaType xsi:nil="true"/>
                    <p:IPXVirtualNetNumber xsi:nil="true"/>
                    <p:KeepAliveInterval xsi:nil="true"/>
                    <p:KeepAliveTime xsi:nil="true"/>
                    <p:MACAddress>6C:41:6A:1E:8E:BB</p:MACAddress>
                    <p:MTU xsi:nil="true"/>
                    <p:NumForwardPackets xsi:nil="true"/>
                    <p:PMTUBHDetectEnabled xsi:nil="true"/>
                    <p:PMTUDiscoveryEnabled xsi:nil="true"/>
                    <p:ServiceName>e1rexpress</p:ServiceName>
                    <p:SettingID>{AF150991-02E7-4675-B56F-D5EB194A6C86}</p:SettingID>
                    <p:TcpipNetbiosOptions xsi:nil="true"/>
                    <p:TcpMaxConnectRetransmissions xsi:nil="true"/>
                    <p:TcpMaxDataRetransmissions xsi:nil="true"/>
                    <p:TcpNumConnections xsi:nil="true"/>
                    <p:TcpUseRFC1122UrgentPointer xsi:nil="true"/>
                    <p:TcpWindowSize xsi:nil="true"/>
                    <p:WINSEnableLMHostsLookup xsi:nil="true"/>
                    <p:WINSHostLookupFile xsi:nil="true"/>
                    <p:WINSPrimaryServer xsi:nil="true"/>
                    <p:WINSScopeID xsi:nil="true"/>
                    <p:WINSSecondaryServer xsi:nil="true"/>
                </p:Win32_NetworkAdapterConfiguration>
                <p:Win32_NetworkAdapterConfiguration xmlns:xsi="http://www.w3.org/2001/XMLSchema-instance"
                                                     xmlns:p="http://schemas.microsoft.com/wbem/wsman/1/wmi/root/cimv2/Win32_NetworkAdapterConfiguration"
                                                     xmlns:cim="http://schemas.dmtf.org/wbem/wscim/1/common"
                                                     xsi:type="p:Win32_NetworkAdapterConfiguration_Type">
                    <p:ArpAlwaysSourceRoute xsi:nil="true"/>
                    <p:ArpUseEtherSNAP xsi:nil="true"/>
                    <p:Caption>[00000011] RAS Async Adapter</p:Caption>
                    <p:DatabasePath xsi:nil="true"/>
                    <p:DeadGWDetectEnabled xsi:nil="true"/>
                    <p:DefaultTOS xsi:nil="true"/>
                    <p:DefaultTTL xsi:nil="true"/>
                    <p:Description>RAS Async Adapter</p:Description>
                    <p:DHCPEnabled>false</p:DHCPEnabled>
                    <p:DHCPLeaseExpires xsi:nil="true"/>
                    <p:DHCPLeaseObtained xsi:nil="true"/>
                    <p:DHCPServer xsi:nil="true"/>
                    <p:DNSDomain xsi:nil="true"/>
                    <p:DNSEnabledForWINSResolution xsi:nil="true"/>
                    <p:DNSHostName xsi:nil="true"/>
                    <p:DomainDNSRegistrationEnabled xsi:nil="true"/>
                    <p:ForwardBufferMemory xsi:nil="true"/>
                    <p:FullDNSRegistrationEnabled xsi:nil="true"/>
                    <p:IGMPLevel xsi:nil="true"/>
                    <p:Index>11</p:Index>
                    <p:InterfaceIndex>9</p:InterfaceIndex>
                    <p:IPConnectionMetric xsi:nil="true"/>
                    <p:IPEnabled>false</p:IPEnabled>
                    <p:IPFilterSecurityEnabled xsi:nil="true"/>
                    <p:IPPortSecurityEnabled xsi:nil="true"/>
                    <p:IPUseZeroBroadcast xsi:nil="true"/>
                    <p:IPXAddress xsi:nil="true"/>
                    <p:IPXEnabled xsi:nil="true"/>
                    <p:IPXMediaType xsi:nil="true"/>
                    <p:IPXVirtualNetNumber xsi:nil="true"/>
                    <p:KeepAliveInterval xsi:nil="true"/>
                    <p:KeepAliveTime xsi:nil="true"/>
                    <p:MACAddress>20:41:53:59:4E:FF</p:MACAddress>
                    <p:MTU xsi:nil="true"/>
                    <p:NumForwardPackets xsi:nil="true"/>
                    <p:PMTUBHDetectEnabled xsi:nil="true"/>
                    <p:PMTUDiscoveryEnabled xsi:nil="true"/>
                    <p:ServiceName>AsyncMac</p:ServiceName>
                    <p:SettingID>{DD2F4800-0DEB-4A98-A302-0777CB955DC1}</p:SettingID>
                    <p:TcpipNetbiosOptions xsi:nil="true"/>
                    <p:TcpMaxConnectRetransmissions xsi:nil="true"/>
                    <p:TcpMaxDataRetransmissions xsi:nil="true"/>
                    <p:TcpNumConnections xsi:nil="true"/>
                    <p:TcpUseRFC1122UrgentPointer xsi:nil="true"/>
                    <p:TcpWindowSize xsi:nil="true"/>
                    <p:WINSEnableLMHostsLookup xsi:nil="true"/>
                    <p:WINSHostLookupFile xsi:nil="true"/>
                    <p:WINSPrimaryServer xsi:nil="true"/>
                    <p:WINSScopeID xsi:nil="true"/>
                    <p:WINSSecondaryServer xsi:nil="true"/>
                </p:Win32_NetworkAdapterConfiguration>
                <p:Win32_NetworkAdapterConfiguration xmlns:xsi="http://www.w3.org/2001/XMLSchema-instance"
                                                     xmlns:p="http://schemas.microsoft.com/wbem/wsman/1/wmi/root/cimv2/Win32_NetworkAdapterConfiguration"
                                                     xmlns:cim="http://schemas.dmtf.org/wbem/wscim/1/common"
                                                     xsi:type="p:Win32_NetworkAdapterConfiguration_Type">
                    <p:ArpAlwaysSourceRoute xsi:nil="true"/>
                    <p:ArpUseEtherSNAP xsi:nil="true"/>
                    <p:Caption>[00000012] Microsoft ISATAP Adapter</p:Caption>
                    <p:DatabasePath xsi:nil="true"/>
                    <p:DeadGWDetectEnabled xsi:nil="true"/>
                    <p:DefaultTOS xsi:nil="true"/>
                    <p:DefaultTTL xsi:nil="true"/>
                    <p:Description>Microsoft ISATAP Adapter
                </p:Description>
                <p:DHCPEnabled>false</p:DHCPEnabled>
                <p:DHCPLeaseExpires xsi:nil="true"/>
                <p:DHCPLeaseObtained xsi:nil="true"/>
                <p:DHCPServer xsi:nil="true"/>
                <p:DNSDomain xsi:nil="true"/>
                <p:DNSEnabledForWINSResolution xsi:nil="true"/>
                <p:DNSHostName xsi:nil="true"/>
                <p:DomainDNSRegistrationEnabled xsi:nil="true"/>
                <p:ForwardBufferMemory xsi:nil="true"/>
                <p:FullDNSRegistrationEnabled xsi:nil="true"/>
                <p:IGMPLevel xsi:nil="true"/>
                <p:Index>12</p:Index>
                <p:InterfaceIndex>14</p:InterfaceIndex>
                <p:IPConnectionMetric xsi:nil="true"/>
                <p:IPEnabled>false</p:IPEnabled>
                <p:IPFilterSecurityEnabled xsi:nil="true"/>
                <p:IPPortSecurityEnabled xsi:nil="true"/>
                <p:IPUseZeroBroadcast xsi:nil="true"/>
                <p:IPXAddress xsi:nil="true"/>
                <p:IPXEnabled xsi:nil="true"/>
                <p:IPXMediaType xsi:nil="true"/>
                <p:IPXVirtualNetNumber xsi:nil="true"/>
                <p:KeepAliveInterval xsi:nil="true"/>
                <p:KeepAliveTime xsi:nil="true"/>
                <p:MACAddress xsi:nil="true"/>
                <p:MTU xsi:nil="true"/>
                <p:NumForwardPackets xsi:nil="true"/>
                <p:PMTUBHDetectEnabled xsi:nil="true"/>
                <p:PMTUDiscoveryEnabled xsi:nil="true"/>
                <p:ServiceName>tunnel</p:ServiceName>
                <p:SettingID>{8C18DF81-032A-482D-9AE3-25DCA2906BA4}</p:SettingID>
                <p:TcpipNetbiosOptions xsi:nil="true"/>
                <p:TcpMaxConnectRetransmissions xsi:nil="true"/>
                <p:TcpMaxDataRetransmissions xsi:nil="true"/>
                <p:TcpNumConnections xsi:nil="true"/>
                <p:TcpUseRFC1122UrgentPointer xsi:nil="true"/>
                <p:TcpWindowSize xsi:nil="true"/>
                <p:WINSEnableLMHostsLookup xsi:nil="true"/>
                <p:WINSHostLookupFile xsi:nil="true"/>
                <p:WINSPrimaryServer xsi:nil="true"/>
                <p:WINSScopeID xsi:nil="true"/>
                <p:WINSSecondaryServer xsi:nil="true"/>
            </p:Win32_NetworkAdapterConfiguration>
            <p:Win32_NetworkAdapterConfiguration xmlns:xsi="http://www.w3.org/2001/XMLSchema-instance"
                                                 xmlns:p="http://schemas.microsoft.com/wbem/wsman/1/wmi/root/cimv2/Win32_NetworkAdapterConfiguration"
                                                 xmlns:cim="http://schemas.dmtf.org/wbem/wscim/1/common"
                                                 xsi:type="p:Win32_NetworkAdapterConfiguration_Type">
                <p:ArpAlwaysSourceRoute xsi:nil="true"/>
                <p:ArpUseEtherSNAP xsi:nil="true"/>
                <p:Caption>[00000013] Microsoft Teredo Tunneling Adapter</p:Caption>
                <p:DatabasePath xsi:nil="true"/>
                <p:DeadGWDetectEnabled xsi:nil="true"/>
                <p:DefaultTOS xsi:nil="true"/>
                <p:DefaultTTL xsi:nil="true"/>
                <p:Description>Microsoft Teredo Tunneling Adapter</p:Description>
                <p:DHCPEnabled>false</p:DHCPEnabled>
                <p:DHCPLeaseExpires xsi:nil="true"/>
                <p:DHCPLeaseObtained xsi:nil="true"/>
                <p:DHCPServer xsi:nil="true"/>
                <p:DNSDomain xsi:nil="true"/>
                <p:DNSEnabledForWINSResolution xsi:nil="true"/>
                <p:DNSHostName xsi:nil="true"/>
                <p:DomainDNSRegistrationEnabled xsi:nil="true"/>
                <p:ForwardBufferMemory xsi:nil="true"/>
                <p:FullDNSRegistrationEnabled xsi:nil="true"/>
                <p:IGMPLevel xsi:nil="true"/>
                <p:Index>13</p:Index>
                <p:InterfaceIndex>15</p:InterfaceIndex>
                <p:IPConnectionMetric xsi:nil="true"/>
                <p:IPEnabled>false</p:IPEnabled>
                <p:IPFilterSecurityEnabled xsi:nil="true"/>
                <p:IPPortSecurityEnabled xsi:nil="true"/>
                <p:IPUseZeroBroadcast xsi:nil="true"/>
                <p:IPXAddress xsi:nil="true"/>
                <p:IPXEnabled xsi:nil="true"/>
                <p:IPXMediaType xsi:nil="true"/>
                <p:IPXVirtualNetNumber xsi:nil="true"/>
                <p:KeepAliveInterval xsi:nil="true"/>
                <p:KeepAliveTime xsi:nil="true"/>
                <p:MACAddress xsi:nil="true"/>
                <p:MTU xsi:nil="true"/>
                <p:NumForwardPackets xsi:nil="true"/>
                <p:PMTUBHDetectEnabled xsi:nil="true"/>
                <p:PMTUDiscoveryEnabled xsi:nil="true"/>
                <p:ServiceName>tunnel</p:ServiceName>
                <p:SettingID>{55F4B2A3-95BF-423B-88EF-7962FCA9D100}</p:SettingID>
                <p:TcpipNetbiosOptions xsi:nil="true"/>
                <p:TcpMaxConnectRetransmissions xsi:nil="true"/>
                <p:TcpMaxDataRetransmissions xsi:nil="true"/>
                <p:TcpNumConnections xsi:nil="true"/>
                <p:TcpUseRFC1122UrgentPointer xsi:nil="true"/>
                <p:TcpWindowSize xsi:nil="true"/>
                <p:WINSEnableLMHostsLookup xsi:nil="true"/>
                <p:WINSHostLookupFile xsi:nil="true"/>
                <p:WINSPrimaryServer xsi:nil="true"/>
                <p:WINSScopeID xsi:nil="true"/>
                <p:WINSSecondaryServer xsi:nil="true"/>
            </p:Win32_NetworkAdapterConfiguration>
        </n:Items>
        <n:EndOfSequence/>
    </n:PullResponse>
</s:Body></s:Envelope>
