<s:Envelope xml:lang="en-US" xmlns:s="http://www.w3.org/2003/05/soap-envelope"
            xmlns:a="http://schemas.xmlsoap.org/ws/2004/08/addressing"
            xmlns:n="http://schemas.xmlsoap.org/ws/2004/09/enumeration"
            xmlns:w="http://schemas.dmtf.org/wbem/wsman/1/wsman.xsd">
    <s:Header>
        <a:Action>http://schemas.xmlsoap.org/ws/2004/09/enumeration/EnumerateResponse</a:Action>
        <a:MessageID>uuid:5BF60C93-8726-414B-ADB4-C38E85A0F5A7</a:MessageID>
        <a:To>http://schemas.xmlsoap.org/ws/2004/08/addressing/role/anonymous</a:To>
        <a:RelatesTo>uuid:303f5ea0-3103-4100-979e-6faf7efeca75</a:RelatesTo>
    </s:Header>
    <s:Body>
        <n:EnumerateResponse>
            <n:EnumerationContext>uuid:71A7C9E6-3C7B-404C-A6EE-47A7D20AEA1E</n:EnumerationContext>
        </n:EnumerateResponse>
    </s:Body>
</s:Envelope>