<s:Envelope xml:lang="en-US" xmlns:s="http://www.w3.org/2003/05/soap-envelope"
            xmlns:a="http://schemas.xmlsoap.org/ws/2004/08/addressing"
            xmlns:w="http://schemas.dmtf.org/wbem/wsman/1/wsman.xsd"
            xmlns:rsp="http://schemas.microsoft.com/wbem/wsman/1/windows/shell"
            xmlns:p="http://schemas.microsoft.com/wbem/wsman/1/wsman.xsd">
    <s:Header>
        <a:Action>http://schemas.microsoft.com/wbem/wsman/1/windows/shell/ReceiveResponse</a:Action>
        <a:MessageID>uuid:FADCE803-FF50-4152-9CFB-2440043BE601</a:MessageID>
        <a:To>http://schemas.xmlsoap.org/ws/2004/08/addressing/role/anonymous</a:To>
        <a:RelatesTo>uuid:57c245de-b3fa-4c80-83e6-2a3e2598ed45</a:RelatesTo>
    </s:Header>
    <s:Body>
        <rsp:ReceiveResponse>
            <rsp:Stream Name="stdout" CommandId="D506C737-3B72-4458-BC7F-06F0F2B51EC6">
            	${version}
            </rsp:Stream>
            <rsp:Stream Name="stdout" CommandId="D506C737-3B72-4458-BC7F-06F0F2B51EC6">
				${hostname}
            </rsp:Stream>
            <rsp:Stream Name="stdout" CommandId="D506C737-3B72-4458-BC7F-06F0F2B51EC6">DQpESVNLUEFSVD4g</rsp:Stream>
            <rsp:Stream Name="stdout" CommandId="D506C737-3B72-4458-BC7F-06F0F2B51EC6">
                ${index}
            </rsp:Stream>
            <rsp:Stream Name="stdout" CommandId="D506C737-3B72-4458-BC7F-06F0F2B51EC6">
                DQpESVNLUEFSVD4gDQpEaXNrUGFydCBzdWNjZXNzZnVsbHkgb25saW5lZCB0aGUgc2VsZWN0ZWQgZGlzay4NCg==
            </rsp:Stream>
            <rsp:Stream Name="stdout" CommandId="D506C737-3B72-4458-BC7F-06F0F2B51EC6">DQpESVNLUEFSVD4g</rsp:Stream>
            <rsp:Stream Name="stdout" CommandId="D506C737-3B72-4458-BC7F-06F0F2B51EC6">DQpMZWF2aW5nIERpc2tQYXJ0Li4uDQo=
            </rsp:Stream>
            <rsp:Stream Name="stdout" CommandId="D506C737-3B72-4458-BC7F-06F0F2B51EC6" End="true"></rsp:Stream>
            <rsp:Stream Name="stderr" CommandId="D506C737-3B72-4458-BC7F-06F0F2B51EC6" End="true"></rsp:Stream>
            <rsp:CommandState CommandId="D506C737-3B72-4458-BC7F-06F0F2B51EC6"
                              State="http://schemas.microsoft.com/wbem/wsman/1/windows/shell/CommandState/Done">
                <rsp:ExitCode>0</rsp:ExitCode>
            </rsp:CommandState>
        </rsp:ReceiveResponse>
    </s:Body>
</s:Envelope>
