<s:Envelope xml:lang="en-US" xmlns:s="http://www.w3.org/2003/05/soap-envelope"
            xmlns:a="http://schemas.xmlsoap.org/ws/2004/08/addressing"
            xmlns:n="http://schemas.xmlsoap.org/ws/2004/09/enumeration"
            xmlns:w="http://schemas.dmtf.org/wbem/wsman/1/wsman.xsd">
    <s:Header>
        <a:Action>http://schemas.xmlsoap.org/ws/2004/09/enumeration/EnumerateResponse</a:Action>
        <a:MessageID>uuid:55253D13-2907-40DD-A30D-AF0A3AE458FA</a:MessageID>
        <a:To>http://schemas.xmlsoap.org/ws/2004/08/addressing/role/anonymous</a:To>
        <a:RelatesTo>uuid:c8e57397-adb8-4025-9d5c-7d3a9fafb28a</a:RelatesTo>
    </s:Header>
    <s:Body>
        <n:EnumerateResponse>
            <n:EnumerationContext>uuid:97F2A25B-45D2-4417-ABB0-E3D64F5928ED</n:EnumerationContext>
        </n:EnumerateResponse>
    </s:Body>
</s:Envelope>