<s:Envelope xml:lang="en-US" xmlns:s="http://www.w3.org/2003/05/soap-envelope"
            xmlns:a="http://schemas.xmlsoap.org/ws/2004/08/addressing"
            xmlns:n="http://schemas.xmlsoap.org/ws/2004/09/enumeration"
            xmlns:w="http://schemas.dmtf.org/wbem/wsman/1/wsman.xsd">
    <s:Header>
        <a:Action>http://schemas.xmlsoap.org/ws/2004/09/enumeration/PullResponse</a:Action>
        <a:MessageID>uuid:954AA452-3868-4070-A52A-89191778735F</a:MessageID>
        <a:To>http://schemas.xmlsoap.org/ws/2004/08/addressing/role/anonymous</a:To>
        <a:RelatesTo>uuid:4b89526b-a4aa-4dbc-9139-2d8537df6769</a:RelatesTo>
    </s:Header>
    <s:Body>
        <n:PullResponse>
            <n:Items>
                <p:Win32_OperatingSystem xmlns:xsi="http://www.w3.org/2001/XMLSchema-instance"
                                         xmlns:p="http://schemas.microsoft.com/wbem/wsman/1/wmi/root/cimv2/Win32_OperatingSystem"
                                         xmlns:cim="http://schemas.dmtf.org/wbem/wscim/1/common"
                                         xsi:type="p:Win32_OperatingSystem_Type">
                    <p:BootDevice>\Device\HarddiskVolume1</p:BootDevice>
                    <p:BuildNumber>7601</p:BuildNumber>
                    <p:BuildType>Multiprocessor Free</p:BuildType>
                    <p:Caption>Microsoft Windows Server 2008 R2 Enterprise</p:Caption>
                    <p:CodeSet>1252</p:CodeSet>
                    <p:CountryCode>1</p:CountryCode>
                    <p:CreationClassName>Win32_OperatingSystem</p:CreationClassName>
                    <p:CSCreationClassName>Win32_ComputerSystem</p:CSCreationClassName>
                    <p:CSDVersion>Service Pack 1</p:CSDVersion>
                    <p:CSName>LGLW7152</p:CSName>
                    <p:CurrentTimeZone>-300</p:CurrentTimeZone>
                    <p:DataExecutionPrevention_32BitApplications>true</p:DataExecutionPrevention_32BitApplications>
                    <p:DataExecutionPrevention_Available>true</p:DataExecutionPrevention_Available>
                    <p:DataExecutionPrevention_Drivers>true</p:DataExecutionPrevention_Drivers>
                    <p:DataExecutionPrevention_SupportPolicy>3</p:DataExecutionPrevention_SupportPolicy>
                    <p:Debug>false</p:Debug>
                    <p:Description></p:Description>
                    <p:Distributed>false</p:Distributed>
                    <p:EncryptionLevel>256</p:EncryptionLevel>
                    <p:ForegroundApplicationBoost>2</p:ForegroundApplicationBoost>
                    <p:FreePhysicalMemory>127874432</p:FreePhysicalMemory>
                    <p:FreeSpaceInPagingFiles>35640200</p:FreeSpaceInPagingFiles>
                    <p:FreeVirtualMemory>163556804</p:FreeVirtualMemory>
                    <p:InstallDate>
                        <cim:Datetime>2013-07-02T08:24:10-04:00</cim:Datetime>
                    </p:InstallDate>
                    <p:LargeSystemCache xsi:nil="true"/>
                    <p:LastBootUpTime>
                        <cim:Datetime>2013-09-17T15:47:40.632197-04:00</cim:Datetime>
                    </p:LastBootUpTime>
                    <p:LocalDateTime>
                        <cim:Datetime>2014-01-13T12:05:57.818-05:00</cim:Datetime>
                    </p:LocalDateTime>
                    <p:Locale>0409</p:Locale>
                    <p:Manufacturer>Microsoft Corporation</p:Manufacturer>
                    <p:MaxNumberOfProcesses>4294967295</p:MaxNumberOfProcesses>
                    <p:MaxProcessMemorySize>8589934464</p:MaxProcessMemorySize>
                    <p:MUILanguages>en-US</p:MUILanguages>
                    <p:Name>${os} |C:\Windows|\Device\Harddisk0\Partition1</p:Name>
                    <p:NumberOfLicensedUsers>0</p:NumberOfLicensedUsers>
                    <p:NumberOfProcesses>41</p:NumberOfProcesses>
                    <p:NumberOfUsers>4</p:NumberOfUsers>
                    <p:OperatingSystemSKU>10</p:OperatingSystemSKU>
                    <p:Organization>EMC</p:Organization>
                    <p:OSArchitecture>64-bit</p:OSArchitecture>
                    <p:OSLanguage>1033</p:OSLanguage>
                    <p:OSProductSuite>274</p:OSProductSuite>
                    <p:OSType>18</p:OSType>
                    <p:OtherTypeDescription xsi:nil="true"/>
                    <p:PAEEnabled xsi:nil="true"/>
                    <p:PlusProductID xsi:nil="true"/>
                    <p:PlusVersionNumber xsi:nil="true"/>
                    <p:Primary>true</p:Primary>
                    <p:ProductType>3</p:ProductType>
                    <p:RegisteredUser>EMC</p:RegisteredUser>
                    <p:SerialNumber>00486-001-0001076-84141</p:SerialNumber>
                    <p:ServicePackMajorVersion>1</p:ServicePackMajorVersion>
                    <p:ServicePackMinorVersion>0</p:ServicePackMinorVersion>
                    <p:SizeStoredInPagingFiles>35640200</p:SizeStoredInPagingFiles>
                    <p:Status>OK</p:Status>
                    <p:SuiteMask>274</p:SuiteMask>
                    <p:SystemDevice>\Device\HarddiskVolume1</p:SystemDevice>
                    <p:SystemDirectory>C:\Windows\system32</p:SystemDirectory>
                    <p:SystemDrive>C:</p:SystemDrive>
                    <p:TotalSwapSpaceSize xsi:nil="true"/>
                    <p:TotalVirtualMemorySize>169795276</p:TotalVirtualMemorySize>
                    <p:TotalVisibleMemorySize>134156936</p:TotalVisibleMemorySize>
                    <p:Version>${os_version}</p:Version>
                    <p:WindowsDirectory>C:\Windows</p:WindowsDirectory>
                </p:Win32_OperatingSystem>
            </n:Items>
            <n:EndOfSequence/>
        </n:PullResponse>
    </s:Body>
</s:Envelope>