<s:Envelope xml:lang="en-US" xmlns:s="http://www.w3.org/2003/05/soap-envelope"
            xmlns:a="http://schemas.xmlsoap.org/ws/2004/08/addressing"
            xmlns:w="http://schemas.dmtf.org/wbem/wsman/1/wsman.xsd"
            xmlns:rsp="http://schemas.microsoft.com/wbem/wsman/1/windows/shell"
            xmlns:p="http://schemas.microsoft.com/wbem/wsman/1/wsman.xsd">
    <s:Header>
        <a:Action>http://schemas.microsoft.com/wbem/wsman/1/windows/shell/ReceiveResponse</a:Action>
        <a:MessageID>uuid:47131B0F-F1E3-44E8-BAD3-72BB631DC070</a:MessageID>
        <a:To>http://schemas.xmlsoap.org/ws/2004/08/addressing/role/anonymous</a:To>
        <a:RelatesTo>uuid:36119f10-b1ff-488e-a603-2869d2c79769</a:RelatesTo>
    </s:Header>
    <s:Body>
        <rsp:ReceiveResponse>
            <rsp:Stream Name="stdout" CommandId="4502BB6D-CCE8-4A18-BFA0-0E56DB0CE352">
            	${version}
            </rsp:Stream>
            <rsp:Stream Name="stdout" CommandId="4502BB6D-CCE8-4A18-BFA0-0E56DB0CE352">
				${hostname}
            </rsp:Stream>
            <rsp:Stream Name="stdout" CommandId="4502BB6D-CCE8-4A18-BFA0-0E56DB0CE352">DQpESVNLUEFSVD4g</rsp:Stream>
            <rsp:Stream Name="stdout" CommandId="4502BB6D-CCE8-4A18-BFA0-0E56DB0CE352">
                ${index}
            </rsp:Stream>
            <rsp:Stream Name="stdout" CommandId="4502BB6D-CCE8-4A18-BFA0-0E56DB0CE352">
                DQpESVNLUEFSVD4gDQpEaXNrUGFydCBzdWNjZWVkZWQgaW4gY2xlYW5pbmcgdGhlIGRpc2suDQoNCkRJU0tQQVJUPiA=
            </rsp:Stream>
            <rsp:Stream Name="stdout" CommandId="4502BB6D-CCE8-4A18-BFA0-0E56DB0CE352">
                DQpEaXNrUGFydCBzdWNjZWVkZWQgaW4gY3JlYXRpbmcgdGhlIHNwZWNpZmllZCBwYXJ0aXRpb24uDQo=
            </rsp:Stream>
            <rsp:Stream Name="stdout" CommandId="4502BB6D-CCE8-4A18-BFA0-0E56DB0CE352">
                DQpESVNLUEFSVD4gCg0gICAgMCBwZXJjZW50IGNvbXBsZXRlZA0=
            </rsp:Stream>
            <rsp:Stream Name="stdout" CommandId="4502BB6D-CCE8-4A18-BFA0-0E56DB0CE352">ICAgIDAgcGVyY2VudCBjb21wbGV0ZWQN
            </rsp:Stream>
            <rsp:Stream Name="stdout" CommandId="4502BB6D-CCE8-4A18-BFA0-0E56DB0CE352">ICAgIDAgcGVyY2VudCBjb21wbGV0ZWQN
            </rsp:Stream>
            <rsp:Stream Name="stdout" CommandId="4502BB6D-CCE8-4A18-BFA0-0E56DB0CE352">ICAxMDAgcGVyY2VudCBjb21wbGV0ZWQN
            </rsp:Stream>
            <rsp:Stream Name="stdout" CommandId="4502BB6D-CCE8-4A18-BFA0-0E56DB0CE352">
                Cg0NCkRpc2tQYXJ0IHN1Y2Nlc3NmdWxseSBmb3JtYXR0ZWQgdGhlIHZvbHVtZS4NCg0KRElTS1BBUlQ+IA0KRGlza1BhcnQgc3VjY2Vzc2Z1bGx5IGFzc2lnbmVkIHRoZSBkcml2ZSBsZXR0ZXIgb3IgbW91bnQgcG9pbnQuDQoNCkRJU0tQQVJUPiA=
            </rsp:Stream>
            <rsp:Stream Name="stdout" CommandId="4502BB6D-CCE8-4A18-BFA0-0E56DB0CE352">DQpMZWF2aW5nIERpc2tQYXJ0Li4uDQo=
            </rsp:Stream>
            <rsp:Stream Name="stdout" CommandId="4502BB6D-CCE8-4A18-BFA0-0E56DB0CE352" End="true"></rsp:Stream>
            <rsp:Stream Name="stderr" CommandId="4502BB6D-CCE8-4A18-BFA0-0E56DB0CE352" End="true"></rsp:Stream>
            <rsp:CommandState CommandId="4502BB6D-CCE8-4A18-BFA0-0E56DB0CE352"
                              State="http://schemas.microsoft.com/wbem/wsman/1/windows/shell/CommandState/Done">
                <rsp:ExitCode>0</rsp:ExitCode>
            </rsp:CommandState>
        </rsp:ReceiveResponse>
    </s:Body>
</s:Envelope>
