<s:Envelope xml:lang="en-US" xmlns:s="http://www.w3.org/2003/05/soap-envelope"
            xmlns:a="http://schemas.xmlsoap.org/ws/2004/08/addressing"
            xmlns:x="http://schemas.xmlsoap.org/ws/2004/09/transfer"
            xmlns:w="http://schemas.dmtf.org/wbem/wsman/1/wsman.xsd"
            xmlns:p="http://schemas.microsoft.com/wbem/wsman/1/wsman.xsd">
    <s:Header>
        <a:Action>http://schemas.microsoft.com/wbem/wsman/1/wmi/root/default/StdRegProv/EnumKeyResponse</a:Action>
        <a:MessageID>uuid:EA386E6E-5CDD-431E-BE4D-E55D7A25DD4A</a:MessageID>
        <a:To>http://schemas.xmlsoap.org/ws/2004/08/addressing/role/anonymous</a:To>
        <a:RelatesTo>uuid:bd912d32-2ae1-4709-be1f-f7329d032513</a:RelatesTo>
    </s:Header>
    <s:Body>
        <p:EnumKey_OUTPUT xmlns:xsi="http://www.w3.org/2001/XMLSchema-instance"
                          xmlns:p="http://schemas.microsoft.com/wbem/wsman/1/wmi/root/default/StdRegProv"
                          xmlns:cim="http://schemas.dmtf.org/wbem/wscim/1/common">
            <p:sNames>Scsi Port 0</p:sNames>
            <p:sNames>Scsi Port 1</p:sNames>
            <p:sNames>Scsi Port 2</p:sNames>
            <p:ReturnValue>0</p:ReturnValue>
        </p:EnumKey_OUTPUT>
    </s:Body>
</s:Envelope>