<s:Envelope xmlns:s="http://www.w3.org/2003/05/soap-envelope"
            xmlns:a="http://schemas.xmlsoap.org/ws/2004/08/addressing"
            xmlns:w="http://schemas.dmtf.org/wbem/wsman/1/wsman.xsd"
            xmlns:xsi="http://www.w3.org/2001/XMLSchema-instance">
    <s:Header>
        <a:To>http://10.247.97.152:5985/wsman</a:To>
        <w:ResourceURI s:mustUnderstand='true'>http://schemas.microsoft.com/wbem/wsman/1/wmi/root/cimv2/Win32_DiskDrive
        </w:ResourceURI>
        <a:ReplyTo>
            <a:Address s:mustUnderstand='true'>http://schemas.xmlsoap.org/ws/2004/08/addressing/role/anonymous</a:Address>
        </a:ReplyTo>
        <a:Action s:mustUnderstand='true'>http://schemas.xmlsoap.org/ws/2004/09/enumeration/Pull</a:Action>
        <w:MaxEnvelopeSize s:mustUnderstand='true'>153600</w:MaxEnvelopeSize>
        <a:MessageID>uuid:601a7cc0-8673-421e-93db-0820ae957f5d</a:MessageID>
        <w:Locale xml:lang='en-US' s:mustUnderstand='false'></w:Locale>

        <w:OperationTimeout>PT300.000S</w:OperationTimeout>
    </s:Header>
    <s:Body>
        <Pull xmlns="http://schemas.xmlsoap.org/ws/2004/09/enumeration">
            <EnumerationContext>uuid:87ABC1CF-C9B9-4579-8966-753D46F0073F</EnumerationContext>
            <MaxElements>10</MaxElements>
        </Pull>
    </s:Body>
</s:Envelope>
