<s:Envelope xml:lang="en-US" xmlns:s="http://www.w3.org/2003/05/soap-envelope"
            xmlns:a="http://schemas.xmlsoap.org/ws/2004/08/addressing"
            xmlns:n="http://schemas.xmlsoap.org/ws/2004/09/enumeration"
            xmlns:w="http://schemas.dmtf.org/wbem/wsman/1/wsman.xsd">
    <s:Header>
        <a:Action>http://schemas.xmlsoap.org/ws/2004/09/enumeration/PullResponse</a:Action>
        <a:MessageID>uuid:1DB4674F-A124-472A-BF09-0C68F38291E9</a:MessageID>
        <a:To>http://schemas.xmlsoap.org/ws/2004/08/addressing/role/anonymous</a:To>
        <a:RelatesTo>uuid:bfee6281-923c-4d67-bbb0-085468d31e7c</a:RelatesTo>
    </s:Header>
    <s:Body>
        <n:PullResponse>
            <n:EnumerationContext>uuid:12B128C6-0B9C-429A-90E9-F849E55CDB33</n:EnumerationContext>
            <n:Items>
                <p:Win32_Service xmlns:xsi="http://www.w3.org/2001/XMLSchema-instance"
                                 xmlns:p="http://schemas.microsoft.com/wbem/wsman/1/wmi/root/cimv2/Win32_Service"
                                 xmlns:cim="http://schemas.dmtf.org/wbem/wscim/1/common" xsi:type="p:Win32_Service_Type">
                    <p:AcceptPause>false</p:AcceptPause>
                    <p:AcceptStop>false</p:AcceptStop>
                    <p:Caption>Performance Logs &amp; Alerts</p:Caption>
                    <p:CheckPoint>0</p:CheckPoint>
                    <p:CreationClassName>Win32_Service</p:CreationClassName>
                    <p:Description>Performance Logs and Alerts Collects performance data from local or remote computers
                        based on preconfigured schedule parameters, then writes the data to a log or triggers an alert. If
                        this service is stopped, performance information will not be collected. If this service is disabled,
                        any services that explicitly depend on it will fail to start.
                    </p:Description>
                    <p:DesktopInteract>false</p:DesktopInteract>
                    <p:DisplayName>Performance Logs &amp; Alerts</p:DisplayName>
                    <p:ErrorControl>Normal</p:ErrorControl>
                    <p:ExitCode>1077</p:ExitCode>
                    <p:InstallDate xsi:nil="true"/>
                    <p:Name>pla</p:Name>
                    <p:PathName>C:\Windows\System32\svchost.exe -k LocalServiceNoNetwork</p:PathName>
                    <p:ProcessId>0</p:ProcessId>
                    <p:ServiceSpecificExitCode>0</p:ServiceSpecificExitCode>
                    <p:ServiceType>Share Process</p:ServiceType>
                    <p:Started>false</p:Started>
                    <p:StartMode>Manual</p:StartMode>
                    <p:StartName>NT AUTHORITY\LocalService</p:StartName>
                    <p:State>Stopped</p:State>
                    <p:Status>OK</p:Status>
                    <p:SystemCreationClassName>Win32_ComputerSystem</p:SystemCreationClassName>
                    <p:SystemName>LGLW7152</p:SystemName>
                    <p:TagId>0</p:TagId>
                    <p:WaitHint>0</p:WaitHint>
                </p:Win32_Service>
                <p:Win32_Service xmlns:xsi="http://www.w3.org/2001/XMLSchema-instance"
                                 xmlns:p="http://schemas.microsoft.com/wbem/wsman/1/wmi/root/cimv2/Win32_Service"
                                 xmlns:cim="http://schemas.dmtf.org/wbem/wscim/1/common" xsi:type="p:Win32_Service_Type">
                    <p:AcceptPause>false</p:AcceptPause>
                    <p:AcceptStop>false</p:AcceptStop>
                    <p:Caption>Plug and Play</p:Caption>
                    <p:CheckPoint>0</p:CheckPoint>
                    <p:CreationClassName>Win32_Service</p:CreationClassName>
                    <p:Description>Enables a computer to recognize and adapt to hardware changes with little or no user
                        input. Stopping or disabling this service will result in system instability.
                    </p:Description>
                    <p:DesktopInteract>false</p:DesktopInteract>
                    <p:DisplayName>Plug and Play</p:DisplayName>
                    <p:ErrorControl>Normal</p:ErrorControl>
                    <p:ExitCode>0</p:ExitCode>
                    <p:InstallDate xsi:nil="true"/>
                    <p:Name>PlugPlay</p:Name>
                    <p:PathName>C:\Windows\system32\svchost.exe -k DcomLaunch</p:PathName>
                    <p:ProcessId>632</p:ProcessId>
                    <p:ServiceSpecificExitCode>0</p:ServiceSpecificExitCode>
                    <p:ServiceType>Share Process</p:ServiceType>
                    <p:Started>true</p:Started>
                    <p:StartMode>Auto</p:StartMode>
                    <p:StartName>LocalSystem</p:StartName>
                    <p:State>Running</p:State>
                    <p:Status>OK</p:Status>
                    <p:SystemCreationClassName>Win32_ComputerSystem</p:SystemCreationClassName>
                    <p:SystemName>LGLW7152</p:SystemName>
                    <p:TagId>0</p:TagId>
                    <p:WaitHint>0</p:WaitHint>
                </p:Win32_Service>
                <p:Win32_Service xmlns:xsi="http://www.w3.org/2001/XMLSchema-instance"
                                 xmlns:p="http://schemas.microsoft.com/wbem/wsman/1/wmi/root/cimv2/Win32_Service"
                                 xmlns:cim="http://schemas.dmtf.org/wbem/wscim/1/common" xsi:type="p:Win32_Service_Type">
                    <p:AcceptPause>false</p:AcceptPause>
                    <p:AcceptStop>true</p:AcceptStop>
                    <p:Caption>IPsec Policy Agent</p:Caption>
                    <p:CheckPoint>0</p:CheckPoint>
                    <p:CreationClassName>Win32_Service</p:CreationClassName>
                    <p:Description>Internet Protocol security (IPsec) supports network-level peer authentication, data
                        origin authentication, data integrity, data confidentiality (encryption), and replay protection.
                        This service enforces IPsec policies created through the IP Security Policies snap-in or the
                        command-line tool "netsh ipsec". If you stop this service, you may experience network connectivity
                        issues if your policy requires that connections use IPsec. Also,remote management of Windows
                        Firewall is not available when this service is stopped.
                    </p:Description>
                    <p:DesktopInteract>false</p:DesktopInteract>
                    <p:DisplayName>IPsec Policy Agent</p:DisplayName>
                    <p:ErrorControl>Normal</p:ErrorControl>
                    <p:ExitCode>0</p:ExitCode>
                    <p:InstallDate xsi:nil="true"/>
                    <p:Name>PolicyAgent</p:Name>
                    <p:PathName>C:\Windows\system32\svchost.exe -k NetworkServiceNetworkRestricted</p:PathName>
                    <p:ProcessId>1620</p:ProcessId>
                    <p:ServiceSpecificExitCode>0</p:ServiceSpecificExitCode>
                    <p:ServiceType>Share Process</p:ServiceType>
                    <p:Started>true</p:Started>
                    <p:StartMode>Manual</p:StartMode>
                    <p:StartName>NT Authority\NetworkService</p:StartName>
                    <p:State>Running</p:State>
                    <p:Status>OK</p:Status>
                    <p:SystemCreationClassName>Win32_ComputerSystem</p:SystemCreationClassName>
                    <p:SystemName>LGLW7152</p:SystemName>
                    <p:TagId>0</p:TagId>
                    <p:WaitHint>0</p:WaitHint>
                </p:Win32_Service>
                <p:Win32_Service xmlns:xsi="http://www.w3.org/2001/XMLSchema-instance"
                                 xmlns:p="http://schemas.microsoft.com/wbem/wsman/1/wmi/root/cimv2/Win32_Service"
                                 xmlns:cim="http://schemas.dmtf.org/wbem/wscim/1/common" xsi:type="p:Win32_Service_Type">
                    <p:AcceptPause>false</p:AcceptPause>
                    <p:AcceptStop>false</p:AcceptStop>
                    <p:Caption>Power</p:Caption>
                    <p:CheckPoint>0</p:CheckPoint>
                    <p:CreationClassName>Win32_Service</p:CreationClassName>
                    <p:Description>Manages power policy and power policy notification delivery.</p:Description>
                    <p:DesktopInteract>false</p:DesktopInteract>
                    <p:DisplayName>Power</p:DisplayName>
                    <p:ErrorControl>Normal</p:ErrorControl>
                    <p:ExitCode>0</p:ExitCode>
                    <p:InstallDate xsi:nil="true"/>
                    <p:Name>Power</p:Name>
                    <p:PathName>C:\Windows\system32\svchost.exe -k DcomLaunch</p:PathName>
                    <p:ProcessId>632</p:ProcessId>
                    <p:ServiceSpecificExitCode>0</p:ServiceSpecificExitCode>
                    <p:ServiceType>Share Process</p:ServiceType>
                    <p:Started>true</p:Started>
                    <p:StartMode>Auto</p:StartMode>
                    <p:StartName>LocalSystem</p:StartName>
                    <p:State>Running</p:State>
                    <p:Status>OK</p:Status>
                    <p:SystemCreationClassName>Win32_ComputerSystem</p:SystemCreationClassName>
                    <p:SystemName>LGLW7152</p:SystemName>
                    <p:TagId>0</p:TagId>
                    <p:WaitHint>0</p:WaitHint>
                </p:Win32_Service>
                <p:Win32_Service xmlns:xsi="http://www.w3.org/2001/XMLSchema-instance"
                                 xmlns:p="http://schemas.microsoft.com/wbem/wsman/1/wmi/root/cimv2/Win32_Service"
                                 xmlns:cim="http://schemas.dmtf.org/wbem/wscim/1/common" xsi:type="p:Win32_Service_Type">
                    <p:AcceptPause>false</p:AcceptPause>
                    <p:AcceptStop>true</p:AcceptStop>
                    <p:Caption>User Profile Service</p:Caption>
                    <p:CheckPoint>0</p:CheckPoint>
                    <p:CreationClassName>Win32_Service</p:CreationClassName>
                    <p:Description>This service is responsible for loading and unloading user profiles. If this service is
                        stopped or disabled, users will no longer be able to successfully logon or logoff, applications may
                        have problems getting to users' data, and components registered to receive profile event
                        notifications will not receive them.
                    </p:Description>
                    <p:DesktopInteract>false</p:DesktopInteract>
                    <p:DisplayName>User Profile Service</p:DisplayName>
                    <p:ErrorControl>Normal</p:ErrorControl>
                    <p:ExitCode>0</p:ExitCode>
                    <p:InstallDate xsi:nil="true"/>
                    <p:Name>ProfSvc</p:Name>
                    <p:PathName>C:\Windows\system32\svchost.exe -k netsvcs</p:PathName>
                    <p:ProcessId>856</p:ProcessId>
                    <p:ServiceSpecificExitCode>0</p:ServiceSpecificExitCode>
                    <p:ServiceType>Share Process</p:ServiceType>
                    <p:Started>true</p:Started>
                    <p:StartMode>Auto</p:StartMode>
                    <p:StartName>LocalSystem</p:StartName>
                    <p:State>Running</p:State>
                    <p:Status>OK</p:Status>
                    <p:SystemCreationClassName>Win32_ComputerSystem</p:SystemCreationClassName>
                    <p:SystemName>LGLW7152</p:SystemName>
                    <p:TagId>0</p:TagId>
                    <p:WaitHint>0</p:WaitHint>
                </p:Win32_Service>
                <p:Win32_Service xmlns:xsi="http://www.w3.org/2001/XMLSchema-instance"
                                 xmlns:p="http://schemas.microsoft.com/wbem/wsman/1/wmi/root/cimv2/Win32_Service"
                                 xmlns:cim="http://schemas.dmtf.org/wbem/wscim/1/common" xsi:type="p:Win32_Service_Type">
                    <p:AcceptPause>false</p:AcceptPause>
                    <p:AcceptStop>false</p:AcceptStop>
                    <p:Caption>Protected Storage</p:Caption>
                    <p:CheckPoint>0</p:CheckPoint>
                    <p:CreationClassName>Win32_Service</p:CreationClassName>
                    <p:Description>Provides protected storage for sensitive data, such as passwords, to prevent access by
                        unauthorized services, processes, or users.
                    </p:Description>
                    <p:DesktopInteract>false</p:DesktopInteract>
                    <p:DisplayName>Protected Storage</p:DisplayName>
                    <p:ErrorControl>Normal</p:ErrorControl>
                    <p:ExitCode>1077</p:ExitCode>
                    <p:InstallDate xsi:nil="true"/>
                    <p:Name>ProtectedStorage</p:Name>
                    <p:PathName>C:\Windows\system32\lsass.exe</p:PathName>
                    <p:ProcessId>0</p:ProcessId>
                    <p:ServiceSpecificExitCode>0</p:ServiceSpecificExitCode>
                    <p:ServiceType>Share Process</p:ServiceType>
                    <p:Started>false</p:Started>
                    <p:StartMode>Manual</p:StartMode>
                    <p:StartName>LocalSystem</p:StartName>
                    <p:State>Stopped</p:State>
                    <p:Status>OK</p:Status>
                    <p:SystemCreationClassName>Win32_ComputerSystem</p:SystemCreationClassName>
                    <p:SystemName>LGLW7152</p:SystemName>
                    <p:TagId>0</p:TagId>
                    <p:WaitHint>0</p:WaitHint>
                </p:Win32_Service>
                <p:Win32_Service xmlns:xsi="http://www.w3.org/2001/XMLSchema-instance"
                                 xmlns:p="http://schemas.microsoft.com/wbem/wsman/1/wmi/root/cimv2/Win32_Service"
                                 xmlns:cim="http://schemas.dmtf.org/wbem/wscim/1/common" xsi:type="p:Win32_Service_Type">
                    <p:AcceptPause>false</p:AcceptPause>
                    <p:AcceptStop>false</p:AcceptStop>
                    <p:Caption>Remote Access Auto Connection Manager</p:Caption>
                    <p:CheckPoint>0</p:CheckPoint>
                    <p:CreationClassName>Win32_Service</p:CreationClassName>
                    <p:Description>Creates a connection to a remote network whenever a program references a remote DNS or
                        NetBIOS name or address.
                    </p:Description>
                    <p:DesktopInteract>false</p:DesktopInteract>
                    <p:DisplayName>Remote Access Auto Connection Manager</p:DisplayName>
                    <p:ErrorControl>Normal</p:ErrorControl>
                    <p:ExitCode>1077</p:ExitCode>
                    <p:InstallDate xsi:nil="true"/>
                    <p:Name>RasAuto</p:Name>
                    <p:PathName>C:\Windows\System32\svchost.exe -k netsvcs</p:PathName>
                    <p:ProcessId>0</p:ProcessId>
                    <p:ServiceSpecificExitCode>0</p:ServiceSpecificExitCode>
                    <p:ServiceType>Share Process</p:ServiceType>
                    <p:Started>false</p:Started>
                    <p:StartMode>Manual</p:StartMode>
                    <p:StartName>localSystem</p:StartName>
                    <p:State>Stopped</p:State>
                    <p:Status>OK</p:Status>
                    <p:SystemCreationClassName>Win32_ComputerSystem</p:SystemCreationClassName>
                    <p:SystemName>LGLW7152</p:SystemName>
                    <p:TagId>0</p:TagId>
                    <p:WaitHint>0</p:WaitHint>
                </p:Win32_Service>
                <p:Win32_Service xmlns:xsi="http://www.w3.org/2001/XMLSchema-instance"
                                 xmlns:p="http://schemas.microsoft.com/wbem/wsman/1/wmi/root/cimv2/Win32_Service"
                                 xmlns:cim="http://schemas.dmtf.org/wbem/wscim/1/common" xsi:type="p:Win32_Service_Type">
                    <p:AcceptPause>false</p:AcceptPause>
                    <p:AcceptStop>false</p:AcceptStop>
                    <p:Caption>Remote Access Connection Manager</p:Caption>
                    <p:CheckPoint>0</p:CheckPoint>
                    <p:CreationClassName>Win32_Service</p:CreationClassName>
                    <p:Description>Manages dial-up and virtual private network (VPN) connections from this computer to the
                        Internet or other remote networks. If this service is disabled, any services that explicitly depend
                        on it will fail to start.
                    </p:Description>
                    <p:DesktopInteract>false</p:DesktopInteract>
                    <p:DisplayName>Remote Access Connection Manager</p:DisplayName>
                    <p:ErrorControl>Normal</p:ErrorControl>
                    <p:ExitCode>1077</p:ExitCode>
                    <p:InstallDate xsi:nil="true"/>
                    <p:Name>RasMan</p:Name>
                    <p:PathName>C:\Windows\System32\svchost.exe -k netsvcs</p:PathName>
                    <p:ProcessId>0</p:ProcessId>
                    <p:ServiceSpecificExitCode>0</p:ServiceSpecificExitCode>
                    <p:ServiceType>Share Process</p:ServiceType>
                    <p:Started>false</p:Started>
                    <p:StartMode>Manual</p:StartMode>
                    <p:StartName>localSystem</p:StartName>
                    <p:State>Stopped</p:State>
                    <p:Status>OK</p:Status>
                    <p:SystemCreationClassName>Win32_ComputerSystem</p:SystemCreationClassName>
                    <p:SystemName>LGLW7152</p:SystemName>
                    <p:TagId>0</p:TagId>
                    <p:WaitHint>0</p:WaitHint>
                </p:Win32_Service>
                <p:Win32_Service xmlns:xsi="http://www.w3.org/2001/XMLSchema-instance"
                                 xmlns:p="http://schemas.microsoft.com/wbem/wsman/1/wmi/root/cimv2/Win32_Service"
                                 xmlns:cim="http://schemas.dmtf.org/wbem/wscim/1/common" xsi:type="p:Win32_Service_Type">
                    <p:AcceptPause>false</p:AcceptPause>
                    <p:AcceptStop>false</p:AcceptStop>
                    <p:Caption>Routing and Remote Access</p:Caption>
                    <p:CheckPoint>0</p:CheckPoint>
                    <p:CreationClassName>Win32_Service</p:CreationClassName>
                    <p:Description>Offers routing services to businesses in local area and wide area network environments.
                    </p:Description>
                    <p:DesktopInteract>false</p:DesktopInteract>
                    <p:DisplayName>Routing and Remote Access</p:DisplayName>
                    <p:ErrorControl>Normal</p:ErrorControl>
                    <p:ExitCode>1077</p:ExitCode>
                    <p:InstallDate xsi:nil="true"/>
                    <p:Name>RemoteAccess</p:Name>
                    <p:PathName>C:\Windows\System32\svchost.exe -k netsvcs</p:PathName>
                    <p:ProcessId>0</p:ProcessId>
                    <p:ServiceSpecificExitCode>0</p:ServiceSpecificExitCode>
                    <p:ServiceType>Share Process</p:ServiceType>
                    <p:Started>false</p:Started>
                    <p:StartMode>Disabled</p:StartMode>
                    <p:StartName>localSystem</p:StartName>
                    <p:State>Stopped</p:State>
                    <p:Status>OK</p:Status>
                    <p:SystemCreationClassName>Win32_ComputerSystem</p:SystemCreationClassName>
                    <p:SystemName>LGLW7152</p:SystemName>
                    <p:TagId>0</p:TagId>
                    <p:WaitHint>0</p:WaitHint>
                </p:Win32_Service>
                <p:Win32_Service xmlns:xsi="http://www.w3.org/2001/XMLSchema-instance"
                                 xmlns:p="http://schemas.microsoft.com/wbem/wsman/1/wmi/root/cimv2/Win32_Service"
                                 xmlns:cim="http://schemas.dmtf.org/wbem/wscim/1/common" xsi:type="p:Win32_Service_Type">
                    <p:AcceptPause>false</p:AcceptPause>
                    <p:AcceptStop>true</p:AcceptStop>
                    <p:Caption>Remote Registry</p:Caption>
                    <p:CheckPoint>0</p:CheckPoint>
                    <p:CreationClassName>Win32_Service</p:CreationClassName>
                    <p:Description>Enables remote users to modify registry settings on this computer. If this service is
                        stopped, the registry can be modified only by users on this computer. If this service is disabled,
                        any services that explicitly depend on it will fail to start.
                    </p:Description>
                    <p:DesktopInteract>false</p:DesktopInteract>
                    <p:DisplayName>Remote Registry</p:DisplayName>
                    <p:ErrorControl>Normal</p:ErrorControl>
                    <p:ExitCode>0</p:ExitCode>
                    <p:InstallDate xsi:nil="true"/>
                    <p:Name>RemoteRegistry</p:Name>
                    <p:PathName>C:\Windows\system32\svchost.exe -k regsvc</p:PathName>
                    <p:ProcessId>1116</p:ProcessId>
                    <p:ServiceSpecificExitCode>0</p:ServiceSpecificExitCode>
                    <p:ServiceType>Share Process</p:ServiceType>
                    <p:Started>true</p:Started>
                    <p:StartMode>Auto</p:StartMode>
                    <p:StartName>NT AUTHORITY\LocalService</p:StartName>
                    <p:State>Running</p:State>
                    <p:Status>OK</p:Status>
                    <p:SystemCreationClassName>Win32_ComputerSystem</p:SystemCreationClassName>
                    <p:SystemName>LGLW7152</p:SystemName>
                    <p:TagId>0</p:TagId>
                    <p:WaitHint>0</p:WaitHint>
                </p:Win32_Service>
            </n:Items>
        </n:PullResponse>
    </s:Body>
</s:Envelope>