<s:Envelope xml:lang="en-US" xmlns:s="http://www.w3.org/2003/05/soap-envelope"
            xmlns:a="http://schemas.xmlsoap.org/ws/2004/08/addressing"
            xmlns:n="http://schemas.xmlsoap.org/ws/2004/09/enumeration"
            xmlns:w="http://schemas.dmtf.org/wbem/wsman/1/wsman.xsd">
    <s:Header>
        <a:Action>http://schemas.xmlsoap.org/ws/2004/09/enumeration/PullResponse</a:Action>
        <a:MessageID>uuid:594C8298-AFD5-4889-B487-EEA3C2FE72C5</a:MessageID>
        <a:To>http://schemas.xmlsoap.org/ws/2004/08/addressing/role/anonymous</a:To>
        <a:RelatesTo>uuid:31c539b3-bab4-4482-98a2-683b5a901dc9</a:RelatesTo>
    </s:Header>
    <s:Body>
        <n:PullResponse>
            <n:EnumerationContext>uuid:C5506B50-A1FB-4334-8CEB-01A5A94B031F</n:EnumerationContext>
            <n:Items>
                <p:Win32_Service xmlns:xsi="http://www.w3.org/2001/XMLSchema-instance"
                                 xmlns:p="http://schemas.microsoft.com/wbem/wsman/1/wmi/root/cimv2/Win32_Service"
                                 xmlns:cim="http://schemas.dmtf.org/wbem/wscim/1/common" xsi:type="p:Win32_Service_Type">
                    <p:AcceptPause>false</p:AcceptPause>
                    <p:AcceptStop>true</p:AcceptStop>
                    <p:Caption>Desktop Window Manager Session Manager</p:Caption>
                    <p:CheckPoint>0</p:CheckPoint>
                    <p:CreationClassName>Win32_Service</p:CreationClassName>
                    <p:Description>Provides Desktop Window Manager startup and maintenance services</p:Description>
                    <p:DesktopInteract>false</p:DesktopInteract>
                    <p:DisplayName>Desktop Window Manager Session Manager</p:DisplayName>
                    <p:ErrorControl>Normal</p:ErrorControl>
                    <p:ExitCode>0</p:ExitCode>
                    <p:InstallDate xsi:nil="true"/>
                    <p:Name>UxSms</p:Name>
                    <p:PathName>C:\Windows\System32\svchost.exe -k LocalSystemNetworkRestricted</p:PathName>
                    <p:ProcessId>960</p:ProcessId>
                    <p:ServiceSpecificExitCode>0</p:ServiceSpecificExitCode>
                    <p:ServiceType>Share Process</p:ServiceType>
                    <p:Started>true</p:Started>
                    <p:StartMode>Auto</p:StartMode>
                    <p:StartName>localSystem</p:StartName>
                    <p:State>Running</p:State>
                    <p:Status>OK</p:Status>
                    <p:SystemCreationClassName>Win32_ComputerSystem</p:SystemCreationClassName>
                    <p:SystemName>LGLW7152</p:SystemName>
                    <p:TagId>0</p:TagId>
                    <p:WaitHint>0</p:WaitHint>
                </p:Win32_Service>
                <p:Win32_Service xmlns:xsi="http://www.w3.org/2001/XMLSchema-instance"
                                 xmlns:p="http://schemas.microsoft.com/wbem/wsman/1/wmi/root/cimv2/Win32_Service"
                                 xmlns:cim="http://schemas.dmtf.org/wbem/wscim/1/common" xsi:type="p:Win32_Service_Type">
                    <p:AcceptPause>false</p:AcceptPause>
                    <p:AcceptStop>false</p:AcceptStop>
                    <p:Caption>Credential Manager</p:Caption>
                    <p:CheckPoint>0</p:CheckPoint>
                    <p:CreationClassName>Win32_Service</p:CreationClassName>
                    <p:Description>Provides secure storage and retrieval of credentials to users, applications and security
                        service packages.
                    </p:Description>
                    <p:DesktopInteract>false</p:DesktopInteract>
                    <p:DisplayName>Credential Manager</p:DisplayName>
                    <p:ErrorControl>Normal</p:ErrorControl>
                    <p:ExitCode>1077</p:ExitCode>
                    <p:InstallDate xsi:nil="true"/>
                    <p:Name>VaultSvc</p:Name>
                    <p:PathName>C:\Windows\system32\lsass.exe</p:PathName>
                    <p:ProcessId>0</p:ProcessId>
                    <p:ServiceSpecificExitCode>0</p:ServiceSpecificExitCode>
                    <p:ServiceType>Share Process</p:ServiceType>
                    <p:Started>false</p:Started>
                    <p:StartMode>Manual</p:StartMode>
                    <p:StartName>LocalSystem</p:StartName>
                    <p:State>Stopped</p:State>
                    <p:Status>OK</p:Status>
                    <p:SystemCreationClassName>Win32_ComputerSystem</p:SystemCreationClassName>
                    <p:SystemName>LGLW7152</p:SystemName>
                    <p:TagId>0</p:TagId>
                    <p:WaitHint>0</p:WaitHint>
                </p:Win32_Service>
                <p:Win32_Service xmlns:xsi="http://www.w3.org/2001/XMLSchema-instance"
                                 xmlns:p="http://schemas.microsoft.com/wbem/wsman/1/wmi/root/cimv2/Win32_Service"
                                 xmlns:cim="http://schemas.dmtf.org/wbem/wscim/1/common" xsi:type="p:Win32_Service_Type">
                    <p:AcceptPause>false</p:AcceptPause>
                    <p:AcceptStop>true</p:AcceptStop>
                    <p:Caption>Virtual Disk</p:Caption>
                    <p:CheckPoint>0</p:CheckPoint>
                    <p:CreationClassName>Win32_Service</p:CreationClassName>
                    <p:Description>Provides management services for disks, volumes, file systems, and storage arrays.
                    </p:Description>
                    <p:DesktopInteract>false</p:DesktopInteract>
                    <p:DisplayName>Virtual Disk</p:DisplayName>
                    <p:ErrorControl>Normal</p:ErrorControl>
                    <p:ExitCode>0</p:ExitCode>
                    <p:InstallDate xsi:nil="true"/>
                    <p:Name>vds</p:Name>
                    <p:PathName>C:\Windows\System32\vds.exe</p:PathName>
                    <p:ProcessId>2408</p:ProcessId>
                    <p:ServiceSpecificExitCode>0</p:ServiceSpecificExitCode>
                    <p:ServiceType>Own Process</p:ServiceType>
                    <p:Started>true</p:Started>
                    <p:StartMode>Manual</p:StartMode>
                    <p:StartName>LocalSystem</p:StartName>
                    <p:State>Running</p:State>
                    <p:Status>OK</p:Status>
                    <p:SystemCreationClassName>Win32_ComputerSystem</p:SystemCreationClassName>
                    <p:SystemName>LGLW7152</p:SystemName>
                    <p:TagId>0</p:TagId>
                    <p:WaitHint>0</p:WaitHint>
                </p:Win32_Service>
                <p:Win32_Service xmlns:xsi="http://www.w3.org/2001/XMLSchema-instance"
                                 xmlns:p="http://schemas.microsoft.com/wbem/wsman/1/wmi/root/cimv2/Win32_Service"
                                 xmlns:cim="http://schemas.dmtf.org/wbem/wscim/1/common" xsi:type="p:Win32_Service_Type">
                    <p:AcceptPause>false</p:AcceptPause>
                    <p:AcceptStop>false</p:AcceptStop>
                    <p:Caption>Volume Shadow Copy</p:Caption>
                    <p:CheckPoint>0</p:CheckPoint>
                    <p:CreationClassName>Win32_Service</p:CreationClassName>
                    <p:Description>Manages and implements Volume Shadow Copies used for backup and other purposes. If this
                        service is stopped, shadow copies will be unavailable for backup and the backup may fail. If this
                        service is disabled, any services that explicitly depend on it will fail to start.
                    </p:Description>
                    <p:DesktopInteract>false</p:DesktopInteract>
                    <p:DisplayName>Volume Shadow Copy</p:DisplayName>
                    <p:ErrorControl>Normal</p:ErrorControl>
                    <p:ExitCode>1077</p:ExitCode>
                    <p:InstallDate xsi:nil="true"/>
                    <p:Name>VSS</p:Name>
                    <p:PathName>C:\Windows\system32\vssvc.exe</p:PathName>
                    <p:ProcessId>0</p:ProcessId>
                    <p:ServiceSpecificExitCode>0</p:ServiceSpecificExitCode>
                    <p:ServiceType>Own Process</p:ServiceType>
                    <p:Started>false</p:Started>
                    <p:StartMode>Manual</p:StartMode>
                    <p:StartName>LocalSystem</p:StartName>
                    <p:State>Stopped</p:State>
                    <p:Status>OK</p:Status>
                    <p:SystemCreationClassName>Win32_ComputerSystem</p:SystemCreationClassName>
                    <p:SystemName>LGLW7152</p:SystemName>
                    <p:TagId>0</p:TagId>
                    <p:WaitHint>0</p:WaitHint>
                </p:Win32_Service>
                <p:Win32_Service xmlns:xsi="http://www.w3.org/2001/XMLSchema-instance"
                                 xmlns:p="http://schemas.microsoft.com/wbem/wsman/1/wmi/root/cimv2/Win32_Service"
                                 xmlns:cim="http://schemas.dmtf.org/wbem/wscim/1/common" xsi:type="p:Win32_Service_Type">
                    <p:AcceptPause>false</p:AcceptPause>
                    <p:AcceptStop>true</p:AcceptStop>
                    <p:Caption>Windows Time</p:Caption>
                    <p:CheckPoint>0</p:CheckPoint>
                    <p:CreationClassName>Win32_Service</p:CreationClassName>
                    <p:Description>Maintains date and time synchronization on all clients and servers in the network. If
                        this service is stopped, date and time synchronization will be unavailable. If this service is
                        disabled, any services that explicitly depend on it will fail to start.
                    </p:Description>
                    <p:DesktopInteract>false</p:DesktopInteract>
                    <p:DisplayName>Windows Time</p:DisplayName>
                    <p:ErrorControl>Normal</p:ErrorControl>
                    <p:ExitCode>0</p:ExitCode>
                    <p:InstallDate xsi:nil="true"/>
                    <p:Name>W32Time</p:Name>
                    <p:PathName>C:\Windows\system32\svchost.exe -k LocalService</p:PathName>
                    <p:ProcessId>892</p:ProcessId>
                    <p:ServiceSpecificExitCode>0</p:ServiceSpecificExitCode>
                    <p:ServiceType>Share Process</p:ServiceType>
                    <p:Started>true</p:Started>
                    <p:StartMode>Manual</p:StartMode>
                    <p:StartName>NT AUTHORITY\LocalService</p:StartName>
                    <p:State>Running</p:State>
                    <p:Status>OK</p:Status>
                    <p:SystemCreationClassName>Win32_ComputerSystem</p:SystemCreationClassName>
                    <p:SystemName>LGLW7152</p:SystemName>
                    <p:TagId>0</p:TagId>
                    <p:WaitHint>0</p:WaitHint>
                </p:Win32_Service>
                <p:Win32_Service xmlns:xsi="http://www.w3.org/2001/XMLSchema-instance"
                                 xmlns:p="http://schemas.microsoft.com/wbem/wsman/1/wmi/root/cimv2/Win32_Service"
                                 xmlns:cim="http://schemas.dmtf.org/wbem/wscim/1/common" xsi:type="p:Win32_Service_Type">
                    <p:AcceptPause>false</p:AcceptPause>
                    <p:AcceptStop>false</p:AcceptStop>
                    <p:Caption>Windows Color System</p:Caption>
                    <p:CheckPoint>0</p:CheckPoint>
                    <p:CreationClassName>Win32_Service</p:CreationClassName>
                    <p:Description>The WcsPlugInService service hosts third-party Windows Color System color device model
                        and gamut map model plug-in modules. These plug-in modules are vendor-specific extensions to the
                        Windows Color System baseline color device and gamut map models. Stopping or disabling the
                        WcsPlugInService service will disable this extensibility feature, and the Windows Color System will
                        use its baseline model processing rather than the vendor's desired processing. This might result in
                        inaccurate color rendering.
                    </p:Description>
                    <p:DesktopInteract>false</p:DesktopInteract>
                    <p:DisplayName>Windows Color System</p:DisplayName>
                    <p:ErrorControl>Normal</p:ErrorControl>
                    <p:ExitCode>1077</p:ExitCode>
                    <p:InstallDate xsi:nil="true"/>
                    <p:Name>WcsPlugInService</p:Name>
                    <p:PathName>C:\Windows\system32\svchost.exe -k wcssvc</p:PathName>
                    <p:ProcessId>0</p:ProcessId>
                    <p:ServiceSpecificExitCode>0</p:ServiceSpecificExitCode>
                    <p:ServiceType>Share Process</p:ServiceType>
                    <p:Started>false</p:Started>
                    <p:StartMode>Manual</p:StartMode>
                    <p:StartName>NT AUTHORITY\LocalService</p:StartName>
                    <p:State>Stopped</p:State>
                    <p:Status>OK</p:Status>
                    <p:SystemCreationClassName>Win32_ComputerSystem</p:SystemCreationClassName>
                    <p:SystemName>LGLW7152</p:SystemName>
                    <p:TagId>0</p:TagId>
                    <p:WaitHint>0</p:WaitHint>
                </p:Win32_Service>
                <p:Win32_Service xmlns:xsi="http://www.w3.org/2001/XMLSchema-instance"
                                 xmlns:p="http://schemas.microsoft.com/wbem/wsman/1/wmi/root/cimv2/Win32_Service"
                                 xmlns:cim="http://schemas.dmtf.org/wbem/wscim/1/common" xsi:type="p:Win32_Service_Type">
                    <p:AcceptPause>false</p:AcceptPause>
                    <p:AcceptStop>false</p:AcceptStop>
                    <p:Caption>Diagnostic Service Host</p:Caption>
                    <p:CheckPoint>0</p:CheckPoint>
                    <p:CreationClassName>Win32_Service</p:CreationClassName>
                    <p:Description>The Diagnostic Service Host is used by the Diagnostic Policy Service to host diagnostics
                        that need to run in a Local Service context. If this service is stopped, any diagnostics that depend
                        on it will no longer function.
                    </p:Description>
                    <p:DesktopInteract>false</p:DesktopInteract>
                    <p:DisplayName>Diagnostic Service Host</p:DisplayName>
                    <p:ErrorControl>Normal</p:ErrorControl>
                    <p:ExitCode>1077</p:ExitCode>
                    <p:InstallDate xsi:nil="true"/>
                    <p:Name>WdiServiceHost</p:Name>
                    <p:PathName>C:\Windows\System32\svchost.exe -k LocalService</p:PathName>
                    <p:ProcessId>0</p:ProcessId>
                    <p:ServiceSpecificExitCode>0</p:ServiceSpecificExitCode>
                    <p:ServiceType>Share Process</p:ServiceType>
                    <p:Started>false</p:Started>
                    <p:StartMode>Manual</p:StartMode>
                    <p:StartName>NT AUTHORITY\LocalService</p:StartName>
                    <p:State>Stopped</p:State>
                    <p:Status>OK</p:Status>
                    <p:SystemCreationClassName>Win32_ComputerSystem</p:SystemCreationClassName>
                    <p:SystemName>LGLW7152</p:SystemName>
                    <p:TagId>0</p:TagId>
                    <p:WaitHint>0</p:WaitHint>
                </p:Win32_Service>
                <p:Win32_Service xmlns:xsi="http://www.w3.org/2001/XMLSchema-instance"
                                 xmlns:p="http://schemas.microsoft.com/wbem/wsman/1/wmi/root/cimv2/Win32_Service"
                                 xmlns:cim="http://schemas.dmtf.org/wbem/wscim/1/common" xsi:type="p:Win32_Service_Type">
                    <p:AcceptPause>false</p:AcceptPause>
                    <p:AcceptStop>false</p:AcceptStop>
                    <p:Caption>Diagnostic System Host</p:Caption>
                    <p:CheckPoint>0</p:CheckPoint>
                    <p:CreationClassName>Win32_Service</p:CreationClassName>
                    <p:Description>The Diagnostic System Host is used by the Diagnostic Policy Service to host diagnostics
                        that need to run in a Local System context. If this service is stopped, any diagnostics that depend
                        on it will no longer function.
                    </p:Description>
                    <p:DesktopInteract>false</p:DesktopInteract>
                    <p:DisplayName>Diagnostic System Host</p:DisplayName>
                    <p:ErrorControl>Normal</p:ErrorControl>
                    <p:ExitCode>0</p:ExitCode>
                    <p:InstallDate xsi:nil="true"/>
                    <p:Name>WdiSystemHost</p:Name>
                    <p:PathName>C:\Windows\System32\svchost.exe -k LocalSystemNetworkRestricted</p:PathName>
                    <p:ProcessId>0</p:ProcessId>
                    <p:ServiceSpecificExitCode>0</p:ServiceSpecificExitCode>
                    <p:ServiceType>Share Process</p:ServiceType>
                    <p:Started>false</p:Started>
                    <p:StartMode>Manual</p:StartMode>
                    <p:StartName>LocalSystem</p:StartName>
                    <p:State>Stopped</p:State>
                    <p:Status>OK</p:Status>
                    <p:SystemCreationClassName>Win32_ComputerSystem</p:SystemCreationClassName>
                    <p:SystemName>LGLW7152</p:SystemName>
                    <p:TagId>0</p:TagId>
                    <p:WaitHint>0</p:WaitHint>
                </p:Win32_Service>
                <p:Win32_Service xmlns:xsi="http://www.w3.org/2001/XMLSchema-instance"
                                 xmlns:p="http://schemas.microsoft.com/wbem/wsman/1/wmi/root/cimv2/Win32_Service"
                                 xmlns:cim="http://schemas.dmtf.org/wbem/wscim/1/common" xsi:type="p:Win32_Service_Type">
                    <p:AcceptPause>false</p:AcceptPause>
                    <p:AcceptStop>false</p:AcceptStop>
                    <p:Caption>Windows Event Collector</p:Caption>
                    <p:CheckPoint>0</p:CheckPoint>
                    <p:CreationClassName>Win32_Service</p:CreationClassName>
                    <p:Description>This service manages persistent subscriptions to events from remote sources that support
                        WS-Management protocol. This includes Windows Vista event logs, hardware and IPMI-enabled event
                        sources. The service stores forwarded events in a local Event Log. If this service is stopped or
                        disabled event subscriptions cannot be created and forwarded events cannot be accepted.
                    </p:Description>
                    <p:DesktopInteract>false</p:DesktopInteract>
                    <p:DisplayName>Windows Event Collector</p:DisplayName>
                    <p:ErrorControl>Normal</p:ErrorControl>
                    <p:ExitCode>1077</p:ExitCode>
                    <p:InstallDate xsi:nil="true"/>
                    <p:Name>Wecsvc</p:Name>
                    <p:PathName>C:\Windows\system32\svchost.exe -k NetworkService</p:PathName>
                    <p:ProcessId>0</p:ProcessId>
                    <p:ServiceSpecificExitCode>0</p:ServiceSpecificExitCode>
                    <p:ServiceType>Share Process</p:ServiceType>
                    <p:Started>false</p:Started>
                    <p:StartMode>Manual</p:StartMode>
                    <p:StartName>NT AUTHORITY\NetworkService</p:StartName>
                    <p:State>Stopped</p:State>
                    <p:Status>OK</p:Status>
                    <p:SystemCreationClassName>Win32_ComputerSystem</p:SystemCreationClassName>
                    <p:SystemName>LGLW7152</p:SystemName>
                    <p:TagId>0</p:TagId>
                    <p:WaitHint>0</p:WaitHint>
                </p:Win32_Service>
                <p:Win32_Service xmlns:xsi="http://www.w3.org/2001/XMLSchema-instance"
                                 xmlns:p="http://schemas.microsoft.com/wbem/wsman/1/wmi/root/cimv2/Win32_Service"
                                 xmlns:cim="http://schemas.dmtf.org/wbem/wscim/1/common" xsi:type="p:Win32_Service_Type">
                    <p:AcceptPause>false</p:AcceptPause>
                    <p:AcceptStop>false</p:AcceptStop>
                    <p:Caption>Problem Reports and Solutions Control Panel Support</p:Caption>
                    <p:CheckPoint>0</p:CheckPoint>
                    <p:CreationClassName>Win32_Service</p:CreationClassName>
                    <p:Description>This service provides support for viewing, sending and deletion of system-level problem
                        reports for the Problem Reports and Solutions control panel.
                    </p:Description>
                    <p:DesktopInteract>false</p:DesktopInteract>
                    <p:DisplayName>Problem Reports and Solutions Control Panel Support</p:DisplayName>
                    <p:ErrorControl>Normal</p:ErrorControl>
                    <p:ExitCode>1077</p:ExitCode>
                    <p:InstallDate xsi:nil="true"/>
                    <p:Name>wercplsupport</p:Name>
                    <p:PathName>C:\Windows\System32\svchost.exe -k netsvcs</p:PathName>
                    <p:ProcessId>0</p:ProcessId>
                    <p:ServiceSpecificExitCode>0</p:ServiceSpecificExitCode>
                    <p:ServiceType>Share Process</p:ServiceType>
                    <p:Started>false</p:Started>
                    <p:StartMode>Manual</p:StartMode>
                    <p:StartName>localSystem</p:StartName>
                    <p:State>Stopped</p:State>
                    <p:Status>OK</p:Status>
                    <p:SystemCreationClassName>Win32_ComputerSystem</p:SystemCreationClassName>
                    <p:SystemName>LGLW7152</p:SystemName>
                    <p:TagId>0</p:TagId>
                    <p:WaitHint>0</p:WaitHint>
                </p:Win32_Service>
            </n:Items>
        </n:PullResponse>
    </s:Body>
</s:Envelope>