<s:Envelope xml:lang="en-US" xmlns:s="http://www.w3.org/2003/05/soap-envelope"
            xmlns:a="http://schemas.xmlsoap.org/ws/2004/08/addressing"
            xmlns:n="http://schemas.xmlsoap.org/ws/2004/09/enumeration"
            xmlns:w="http://schemas.dmtf.org/wbem/wsman/1/wsman.xsd">
    <s:Header>
        <a:Action>http://schemas.xmlsoap.org/ws/2004/09/enumeration/PullResponse</a:Action>
        <a:MessageID>uuid:3F3E5A95-644F-4EC5-9567-5238C205B1A7</a:MessageID>
        <a:To>http://schemas.xmlsoap.org/ws/2004/08/addressing/role/anonymous</a:To>
        <a:RelatesTo>uuid:95abcc5a-50e4-41e5-8fa1-b4b17c55c034</a:RelatesTo>
    </s:Header>
    <s:Body>
        <n:PullResponse>
            <n:Items>
                <p:Win32_Service xmlns:xsi="http://www.w3.org/2001/XMLSchema-instance"
                                 xmlns:p="http://schemas.microsoft.com/wbem/wsman/1/wmi/root/cimv2/Win32_Service"
                                 xmlns:cim="http://schemas.dmtf.org/wbem/wscim/1/common" xsi:type="p:Win32_Service_Type">
                    <p:AcceptPause>false</p:AcceptPause>
                    <p:AcceptStop>false</p:AcceptStop>
                    <p:Caption>Windows Error Reporting Service</p:Caption>
                    <p:CheckPoint>0</p:CheckPoint>
                    <p:CreationClassName>Win32_Service</p:CreationClassName>
                    <p:Description>Allows errors to be reported when programs stop working or responding and allows existing
                        solutions to be delivered. Also allows logs to be generated for diagnostic and repair services. If
                        this service is stopped, error reporting might not work correctly and results of diagnostic services
                        and repairs might not be displayed.
                    </p:Description>
                    <p:DesktopInteract>false</p:DesktopInteract>
                    <p:DisplayName>Windows Error Reporting Service</p:DisplayName>
                    <p:ErrorControl>Ignore</p:ErrorControl>
                    <p:ExitCode>1077</p:ExitCode>
                    <p:InstallDate xsi:nil="true"/>
                    <p:Name>WerSvc</p:Name>
                    <p:PathName>C:\Windows\System32\svchost.exe -k WerSvcGroup</p:PathName>
                    <p:ProcessId>0</p:ProcessId>
                    <p:ServiceSpecificExitCode>0</p:ServiceSpecificExitCode>
                    <p:ServiceType>Share Process</p:ServiceType>
                    <p:Started>false</p:Started>
                    <p:StartMode>Manual</p:StartMode>
                    <p:StartName>localSystem</p:StartName>
                    <p:State>Stopped</p:State>
                    <p:Status>OK</p:Status>
                    <p:SystemCreationClassName>Win32_ComputerSystem</p:SystemCreationClassName>
                    <p:SystemName>LGLW7152</p:SystemName>
                    <p:TagId>0</p:TagId>
                    <p:WaitHint>0</p:WaitHint>
                </p:Win32_Service>
                <p:Win32_Service xmlns:xsi="http://www.w3.org/2001/XMLSchema-instance"
                                 xmlns:p="http://schemas.microsoft.com/wbem/wsman/1/wmi/root/cimv2/Win32_Service"
                                 xmlns:cim="http://schemas.dmtf.org/wbem/wscim/1/common" xsi:type="p:Win32_Service_Type">
                    <p:AcceptPause>false</p:AcceptPause>
                    <p:AcceptStop>false</p:AcceptStop>
                    <p:Caption>WinHTTP Web Proxy Auto-Discovery Service</p:Caption>
                    <p:CheckPoint>0</p:CheckPoint>
                    <p:CreationClassName>Win32_Service</p:CreationClassName>
                    <p:Description>WinHTTP implements the client HTTP stack and provides developers with a Win32 API and COM
                        Automation component for sending HTTP requests and receiving responses. In addition, WinHTTP
                        provides support for auto-discovering a proxy configuration via its implementation of the Web Proxy
                        Auto-Discovery (WPAD) protocol.
                    </p:Description>
                    <p:DesktopInteract>false</p:DesktopInteract>
                    <p:DisplayName>WinHTTP Web Proxy Auto-Discovery Service</p:DisplayName>
                    <p:ErrorControl>Normal</p:ErrorControl>
                    <p:ExitCode>0</p:ExitCode>
                    <p:InstallDate xsi:nil="true"/>
                    <p:Name>WinHttpAutoProxySvc</p:Name>
                    <p:PathName>C:\Windows\system32\svchost.exe -k LocalService</p:PathName>
                    <p:ProcessId>0</p:ProcessId>
                    <p:ServiceSpecificExitCode>0</p:ServiceSpecificExitCode>
                    <p:ServiceType>Share Process</p:ServiceType>
                    <p:Started>false</p:Started>
                    <p:StartMode>Manual</p:StartMode>
                    <p:StartName>NT AUTHORITY\LocalService</p:StartName>
                    <p:State>Stopped</p:State>
                    <p:Status>OK</p:Status>
                    <p:SystemCreationClassName>Win32_ComputerSystem</p:SystemCreationClassName>
                    <p:SystemName>LGLW7152</p:SystemName>
                    <p:TagId>0</p:TagId>
                    <p:WaitHint>0</p:WaitHint>
                </p:Win32_Service>
                <p:Win32_Service xmlns:xsi="http://www.w3.org/2001/XMLSchema-instance"
                                 xmlns:p="http://schemas.microsoft.com/wbem/wsman/1/wmi/root/cimv2/Win32_Service"
                                 xmlns:cim="http://schemas.dmtf.org/wbem/wscim/1/common" xsi:type="p:Win32_Service_Type">
                    <p:AcceptPause>true</p:AcceptPause>
                    <p:AcceptStop>true</p:AcceptStop>
                    <p:Caption>Windows Management Instrumentation</p:Caption>
                    <p:CheckPoint>0</p:CheckPoint>
                    <p:CreationClassName>Win32_Service</p:CreationClassName>
                    <p:Description>Provides a common interface and object model to access management information about
                        operating system, devices, applications and services. If this service is stopped, most Windows-based
                        software will not function properly. If this service is disabled, any services that explicitly
                        depend on it will fail to start.
                    </p:Description>
                    <p:DesktopInteract>false</p:DesktopInteract>
                    <p:DisplayName>Windows Management Instrumentation</p:DisplayName>
                    <p:ErrorControl>Ignore</p:ErrorControl>
                    <p:ExitCode>0</p:ExitCode>
                    <p:InstallDate xsi:nil="true"/>
                    <p:Name>Winmgmt</p:Name>
                    <p:PathName>C:\Windows\system32\svchost.exe -k netsvcs</p:PathName>
                    <p:ProcessId>856</p:ProcessId>
                    <p:ServiceSpecificExitCode>0</p:ServiceSpecificExitCode>
                    <p:ServiceType>Share Process</p:ServiceType>
                    <p:Started>true</p:Started>
                    <p:StartMode>Auto</p:StartMode>
                    <p:StartName>localSystem</p:StartName>
                    <p:State>Running</p:State>
                    <p:Status>OK</p:Status>
                    <p:SystemCreationClassName>Win32_ComputerSystem</p:SystemCreationClassName>
                    <p:SystemName>LGLW7152</p:SystemName>
                    <p:TagId>0</p:TagId>
                    <p:WaitHint>0</p:WaitHint>
                </p:Win32_Service>
                <p:Win32_Service xmlns:xsi="http://www.w3.org/2001/XMLSchema-instance"
                                 xmlns:p="http://schemas.microsoft.com/wbem/wsman/1/wmi/root/cimv2/Win32_Service"
                                 xmlns:cim="http://schemas.dmtf.org/wbem/wscim/1/common" xsi:type="p:Win32_Service_Type">
                    <p:AcceptPause>false</p:AcceptPause>
                    <p:AcceptStop>true</p:AcceptStop>
                    <p:Caption>Windows Remote Management (WS-Management)</p:Caption>
                    <p:CheckPoint>0</p:CheckPoint>
                    <p:CreationClassName>Win32_Service</p:CreationClassName>
                    <p:Description>Windows Remote Management (WinRM) service implements the WS-Management protocol for
                        remote management. WS-Management is a standard web services protocol used for remote software and
                        hardware management. The WinRM service listens on the network for WS-Management requests and
                        processes them. The WinRM Service needs to be configured with a listener using winrm.cmd command
                        line tool or through Group Policy in order for it to listen over the network. The WinRM service
                        provides access to WMI data and enables event collection. Event collection and subscription to
                        events require that the service is running. WinRM messages use HTTP and HTTPS as transports. The
                        WinRM service does not depend on IIS but is preconfigured to share a port with IIS on the same
                        machine. The WinRM service reserves the /wsman URL prefix. To prevent conflicts with IIS,
                        administrators should ensure that any websites hosted on IIS do not use the /wsman URL prefix.
                    </p:Description>
                    <p:DesktopInteract>false</p:DesktopInteract>
                    <p:DisplayName>Windows Remote Management (WS-Management)</p:DisplayName>
                    <p:ErrorControl>Normal</p:ErrorControl>
                    <p:ExitCode>0</p:ExitCode>
                    <p:InstallDate xsi:nil="true"/>
                    <p:Name>WinRM</p:Name>
                    <p:PathName>C:\Windows\System32\svchost.exe -k NetworkService</p:PathName>
                    <p:ProcessId>1000</p:ProcessId>
                    <p:ServiceSpecificExitCode>0</p:ServiceSpecificExitCode>
                    <p:ServiceType>Share Process</p:ServiceType>
                    <p:Started>true</p:Started>
                    <p:StartMode>Auto</p:StartMode>
                    <p:StartName>NT AUTHORITY\NetworkService</p:StartName>
                    <p:State>Running</p:State>
                    <p:Status>OK</p:Status>
                    <p:SystemCreationClassName>Win32_ComputerSystem</p:SystemCreationClassName>
                    <p:SystemName>LGLW7152</p:SystemName>
                    <p:TagId>0</p:TagId>
                    <p:WaitHint>0</p:WaitHint>
                </p:Win32_Service>
                <p:Win32_Service xmlns:xsi="http://www.w3.org/2001/XMLSchema-instance"
                                 xmlns:p="http://schemas.microsoft.com/wbem/wsman/1/wmi/root/cimv2/Win32_Service"
                                 xmlns:cim="http://schemas.dmtf.org/wbem/wscim/1/common" xsi:type="p:Win32_Service_Type">
                    <p:AcceptPause>false</p:AcceptPause>
                    <p:AcceptStop>false</p:AcceptStop>
                    <p:Caption>WMI Performance Adapter</p:Caption>
                    <p:CheckPoint>0</p:CheckPoint>
                    <p:CreationClassName>Win32_Service</p:CreationClassName>
                    <p:Description>Provides performance library information from Windows Management Instrumentation (WMI)
                        providers to clients on the network. This service only runs when Performance Data Helper is
                        activated.
                    </p:Description>
                    <p:DesktopInteract>false</p:DesktopInteract>
                    <p:DisplayName>WMI Performance Adapter</p:DisplayName>
                    <p:ErrorControl>Normal</p:ErrorControl>
                    <p:ExitCode>1077</p:ExitCode>
                    <p:InstallDate xsi:nil="true"/>
                    <p:Name>wmiApSrv</p:Name>
                    <p:PathName>C:\Windows\system32\wbem\WmiApSrv.exe</p:PathName>
                    <p:ProcessId>0</p:ProcessId>
                    <p:ServiceSpecificExitCode>0</p:ServiceSpecificExitCode>
                    <p:ServiceType>Own Process</p:ServiceType>
                    <p:Started>false</p:Started>
                    <p:StartMode>Manual</p:StartMode>
                    <p:StartName>localSystem</p:StartName>
                    <p:State>Stopped</p:State>
                    <p:Status>OK</p:Status>
                    <p:SystemCreationClassName>Win32_ComputerSystem</p:SystemCreationClassName>
                    <p:SystemName>LGLW7152</p:SystemName>
                    <p:TagId>0</p:TagId>
                    <p:WaitHint>0</p:WaitHint>
                </p:Win32_Service>
                <p:Win32_Service xmlns:xsi="http://www.w3.org/2001/XMLSchema-instance"
                                 xmlns:p="http://schemas.microsoft.com/wbem/wsman/1/wmi/root/cimv2/Win32_Service"
                                 xmlns:cim="http://schemas.dmtf.org/wbem/wscim/1/common" xsi:type="p:Win32_Service_Type">
                    <p:AcceptPause>false</p:AcceptPause>
                    <p:AcceptStop>false</p:AcceptStop>
                    <p:Caption>Portable Device Enumerator Service</p:Caption>
                    <p:CheckPoint>0</p:CheckPoint>
                    <p:CreationClassName>Win32_Service</p:CreationClassName>
                    <p:Description>Enforces group policy for removable mass-storage devices. Enables applications such as
                        Windows Media Player and Image Import Wizard to transfer and synchronize content using removable
                        mass-storage devices.
                    </p:Description>
                    <p:DesktopInteract>false</p:DesktopInteract>
                    <p:DisplayName>Portable Device Enumerator Service</p:DisplayName>
                    <p:ErrorControl>Normal</p:ErrorControl>
                    <p:ExitCode>0</p:ExitCode>
                    <p:InstallDate xsi:nil="true"/>
                    <p:Name>WPDBusEnum</p:Name>
                    <p:PathName>C:\Windows\system32\svchost.exe -k LocalSystemNetworkRestricted</p:PathName>
                    <p:ProcessId>0</p:ProcessId>
                    <p:ServiceSpecificExitCode>0</p:ServiceSpecificExitCode>
                    <p:ServiceType>Share Process</p:ServiceType>
                    <p:Started>false</p:Started>
                    <p:StartMode>Manual</p:StartMode>
                    <p:StartName>LocalSystem</p:StartName>
                    <p:State>Stopped</p:State>
                    <p:Status>OK</p:Status>
                    <p:SystemCreationClassName>Win32_ComputerSystem</p:SystemCreationClassName>
                    <p:SystemName>LGLW7152</p:SystemName>
                    <p:TagId>0</p:TagId>
                    <p:WaitHint>0</p:WaitHint>
                </p:Win32_Service>
                <p:Win32_Service xmlns:xsi="http://www.w3.org/2001/XMLSchema-instance"
                                 xmlns:p="http://schemas.microsoft.com/wbem/wsman/1/wmi/root/cimv2/Win32_Service"
                                 xmlns:cim="http://schemas.dmtf.org/wbem/wscim/1/common" xsi:type="p:Win32_Service_Type">
                    <p:AcceptPause>false</p:AcceptPause>
                    <p:AcceptStop>true</p:AcceptStop>
                    <p:Caption>Windows Update</p:Caption>
                    <p:CheckPoint>0</p:CheckPoint>
                    <p:CreationClassName>Win32_Service</p:CreationClassName>
                    <p:Description>Enables the detection, download, and installation of updates for Windows and other
                        programs. If this service is disabled, users of this computer will not be able to use Windows Update
                        or its automatic updating feature, and programs will not be able to use the Windows Update Agent
                        (WUA) API.
                    </p:Description>
                    <p:DesktopInteract>false</p:DesktopInteract>
                    <p:DisplayName>Windows Update</p:DisplayName>
                    <p:ErrorControl>Normal</p:ErrorControl>
                    <p:ExitCode>0</p:ExitCode>
                    <p:InstallDate xsi:nil="true"/>
                    <p:Name>wuauserv</p:Name>
                    <p:PathName>C:\Windows\system32\svchost.exe -k netsvcs</p:PathName>
                    <p:ProcessId>856</p:ProcessId>
                    <p:ServiceSpecificExitCode>0</p:ServiceSpecificExitCode>
                    <p:ServiceType>Share Process</p:ServiceType>
                    <p:Started>true</p:Started>
                    <p:StartMode>Auto</p:StartMode>
                    <p:StartName>LocalSystem</p:StartName>
                    <p:State>Running</p:State>
                    <p:Status>OK</p:Status>
                    <p:SystemCreationClassName>Win32_ComputerSystem</p:SystemCreationClassName>
                    <p:SystemName>LGLW7152</p:SystemName>
                    <p:TagId>0</p:TagId>
                    <p:WaitHint>0</p:WaitHint>
                </p:Win32_Service>
                <p:Win32_Service xmlns:xsi="http://www.w3.org/2001/XMLSchema-instance"
                                 xmlns:p="http://schemas.microsoft.com/wbem/wsman/1/wmi/root/cimv2/Win32_Service"
                                 xmlns:cim="http://schemas.dmtf.org/wbem/wscim/1/common" xsi:type="p:Win32_Service_Type">
                    <p:AcceptPause>false</p:AcceptPause>
                    <p:AcceptStop>false</p:AcceptStop>
                    <p:Caption>Windows Driver Foundation - User-mode Driver Framework</p:Caption>
                    <p:CheckPoint>0</p:CheckPoint>
                    <p:CreationClassName>Win32_Service</p:CreationClassName>
                    <p:Description>Creates and manages user-mode driver processes. This service cannot be stopped.
                    </p:Description>
                    <p:DesktopInteract>false</p:DesktopInteract>
                    <p:DisplayName>Windows Driver Foundation - User-mode Driver Framework</p:DisplayName>
                    <p:ErrorControl>Normal</p:ErrorControl>
                    <p:ExitCode>1077</p:ExitCode>
                    <p:InstallDate xsi:nil="true"/>
                    <p:Name>wudfsvc</p:Name>
                    <p:PathName>C:\Windows\system32\svchost.exe -k LocalSystemNetworkRestricted</p:PathName>
                    <p:ProcessId>0</p:ProcessId>
                    <p:ServiceSpecificExitCode>0</p:ServiceSpecificExitCode>
                    <p:ServiceType>Share Process</p:ServiceType>
                    <p:Started>false</p:Started>
                    <p:StartMode>Manual</p:StartMode>
                    <p:StartName>LocalSystem</p:StartName>
                    <p:State>Stopped</p:State>
                    <p:Status>OK</p:Status>
                    <p:SystemCreationClassName>Win32_ComputerSystem</p:SystemCreationClassName>
                    <p:SystemName>LGLW7152</p:SystemName>
                    <p:TagId>0</p:TagId>
                    <p:WaitHint>0</p:WaitHint>
                </p:Win32_Service>
            </n:Items>
            <n:EndOfSequence/>
        </n:PullResponse>
    </s:Body>
</s:Envelope>