<s:Envelope xml:lang="en-US" xmlns:s="http://www.w3.org/2003/05/soap-envelope"
            xmlns:a="http://schemas.xmlsoap.org/ws/2004/08/addressing"
            xmlns:n="http://schemas.xmlsoap.org/ws/2004/09/enumeration"
            xmlns:w="http://schemas.dmtf.org/wbem/wsman/1/wsman.xsd">
    <s:Header>
        <a:Action>http://schemas.xmlsoap.org/ws/2004/09/enumeration/PullResponse</a:Action>
        <a:MessageID>uuid:0B11E541-F5C1-4B81-B593-4DAB73B5C8B2</a:MessageID>
        <a:To>http://schemas.xmlsoap.org/ws/2004/08/addressing/role/anonymous</a:To>
        <a:RelatesTo>uuid:1247a441-fbfb-467f-8e7c-1da2bbe45a2a</a:RelatesTo>
    </s:Header>
    <s:Body>
        <n:PullResponse>
            <n:EnumerationContext>uuid:E29ECAEA-3778-42A6-9182-50FB29859DF6</n:EnumerationContext>
            <n:Items>
                <p:Win32_Service xmlns:xsi="http://www.w3.org/2001/XMLSchema-instance"
                                 xmlns:p="http://schemas.microsoft.com/wbem/wsman/1/wmi/root/cimv2/Win32_Service"
                                 xmlns:cim="http://schemas.dmtf.org/wbem/wscim/1/common" xsi:type="p:Win32_Service_Type">
                    <p:AcceptPause>false</p:AcceptPause>
                    <p:AcceptStop>false</p:AcceptStop>
                    <p:Caption>Function Discovery Resource Publication</p:Caption>
                    <p:CheckPoint>0</p:CheckPoint>
                    <p:CreationClassName>Win32_Service</p:CreationClassName>
                    <p:Description>Publishes this computer and resources attached to this computer so they can be discovered
                        over the network. If this service is stopped, network resources will no longer be published and they
                        will not be discovered by other computers on the network.
                    </p:Description>
                    <p:DesktopInteract>false</p:DesktopInteract>
                    <p:DisplayName>Function Discovery Resource Publication</p:DisplayName>
                    <p:ErrorControl>Normal</p:ErrorControl>
                    <p:ExitCode>1077</p:ExitCode>
                    <p:InstallDate xsi:nil="true"/>
                    <p:Name>FDResPub</p:Name>
                    <p:PathName>C:\Windows\system32\svchost.exe -k LocalServiceAndNoImpersonation</p:PathName>
                    <p:ProcessId>0</p:ProcessId>
                    <p:ServiceSpecificExitCode>0</p:ServiceSpecificExitCode>
                    <p:ServiceType>Share Process</p:ServiceType>
                    <p:Started>false</p:Started>
                    <p:StartMode>Manual</p:StartMode>
                    <p:StartName>NT AUTHORITY\LocalService</p:StartName>
                    <p:State>Stopped</p:State>
                    <p:Status>OK</p:Status>
                    <p:SystemCreationClassName>Win32_ComputerSystem</p:SystemCreationClassName>
                    <p:SystemName>LGLW7152</p:SystemName>
                    <p:TagId>0</p:TagId>
                    <p:WaitHint>0</p:WaitHint>
                </p:Win32_Service>
                <p:Win32_Service xmlns:xsi="http://www.w3.org/2001/XMLSchema-instance"
                                 xmlns:p="http://schemas.microsoft.com/wbem/wsman/1/wmi/root/cimv2/Win32_Service"
                                 xmlns:cim="http://schemas.dmtf.org/wbem/wscim/1/common" xsi:type="p:Win32_Service_Type">
                    <p:AcceptPause>false</p:AcceptPause>
                    <p:AcceptStop>true</p:AcceptStop>
                    <p:Caption>Windows Font Cache Service</p:Caption>
                    <p:CheckPoint>0</p:CheckPoint>
                    <p:CreationClassName>Win32_Service</p:CreationClassName>
                    <p:Description>Optimizes performance of applications by caching commonly used font data. Applications
                        will start this service if it is not already running. It can be disabled, though doing so will
                        degrade application performance.
                    </p:Description>
                    <p:DesktopInteract>false</p:DesktopInteract>
                    <p:DisplayName>Windows Font Cache Service</p:DisplayName>
                    <p:ErrorControl>Normal</p:ErrorControl>
                    <p:ExitCode>0</p:ExitCode>
                    <p:InstallDate xsi:nil="true"/>
                    <p:Name>FontCache</p:Name>
                    <p:PathName>C:\Windows\system32\svchost.exe -k LocalService</p:PathName>
                    <p:ProcessId>892</p:ProcessId>
                    <p:ServiceSpecificExitCode>0</p:ServiceSpecificExitCode>
                    <p:ServiceType>Share Process</p:ServiceType>
                    <p:Started>true</p:Started>
                    <p:StartMode>Auto</p:StartMode>
                    <p:StartName>NT AUTHORITY\LocalService</p:StartName>
                    <p:State>Running</p:State>
                    <p:Status>OK</p:Status>
                    <p:SystemCreationClassName>Win32_ComputerSystem</p:SystemCreationClassName>
                    <p:SystemName>LGLW7152</p:SystemName>
                    <p:TagId>0</p:TagId>
                    <p:WaitHint>0</p:WaitHint>
                </p:Win32_Service>
                <p:Win32_Service xmlns:xsi="http://www.w3.org/2001/XMLSchema-instance"
                                 xmlns:p="http://schemas.microsoft.com/wbem/wsman/1/wmi/root/cimv2/Win32_Service"
                                 xmlns:cim="http://schemas.dmtf.org/wbem/wscim/1/common" xsi:type="p:Win32_Service_Type">
                    <p:AcceptPause>false</p:AcceptPause>
                    <p:AcceptStop>true</p:AcceptStop>
                    <p:Caption>Group Policy Client</p:Caption>
                    <p:CheckPoint>0</p:CheckPoint>
                    <p:CreationClassName>Win32_Service</p:CreationClassName>
                    <p:Description>The service is responsible for applying settings configured by administrators for the
                        computer and users through the Group Policy component. If the service is stopped or disabled, the
                        settings will not be applied and applications and components will not be manageable through Group
                        Policy. Any components or applications that depend on the Group Policy component might not be
                        functional if the service is stopped or disabled.
                    </p:Description>
                    <p:DesktopInteract>false</p:DesktopInteract>
                    <p:DisplayName>Group Policy Client</p:DisplayName>
                    <p:ErrorControl>Normal</p:ErrorControl>
                    <p:ExitCode>0</p:ExitCode>
                    <p:InstallDate xsi:nil="true"/>
                    <p:Name>gpsvc</p:Name>
                    <p:PathName>C:\Windows\system32\svchost.exe -k netsvcs</p:PathName>
                    <p:ProcessId>856</p:ProcessId>
                    <p:ServiceSpecificExitCode>0</p:ServiceSpecificExitCode>
                    <p:ServiceType>Share Process</p:ServiceType>
                    <p:Started>true</p:Started>
                    <p:StartMode>Auto</p:StartMode>
                    <p:StartName>LocalSystem</p:StartName>
                    <p:State>Running</p:State>
                    <p:Status>OK</p:Status>
                    <p:SystemCreationClassName>Win32_ComputerSystem</p:SystemCreationClassName>
                    <p:SystemName>LGLW7152</p:SystemName>
                    <p:TagId>0</p:TagId>
                    <p:WaitHint>0</p:WaitHint>
                </p:Win32_Service>
                <p:Win32_Service xmlns:xsi="http://www.w3.org/2001/XMLSchema-instance"
                                 xmlns:p="http://schemas.microsoft.com/wbem/wsman/1/wmi/root/cimv2/Win32_Service"
                                 xmlns:cim="http://schemas.dmtf.org/wbem/wscim/1/common" xsi:type="p:Win32_Service_Type">
                    <p:AcceptPause>false</p:AcceptPause>
                    <p:AcceptStop>false</p:AcceptStop>
                    <p:Caption>Human Interface Device Access</p:Caption>
                    <p:CheckPoint>0</p:CheckPoint>
                    <p:CreationClassName>Win32_Service</p:CreationClassName>
                    <p:Description>Enables generic input access to Human Interface Devices (HID), which activates and
                        maintains the use of predefined hot buttons on keyboards, remote controls, and other multimedia
                        devices. If this service is stopped, hot buttons controlled by this service will no longer function.
                        If this service is disabled, any services that explicitly depend on it will fail to start.
                    </p:Description>
                    <p:DesktopInteract>false</p:DesktopInteract>
                    <p:DisplayName>Human Interface Device Access</p:DisplayName>
                    <p:ErrorControl>Normal</p:ErrorControl>
                    <p:ExitCode>1077</p:ExitCode>
                    <p:InstallDate xsi:nil="true"/>
                    <p:Name>hidserv</p:Name>
                    <p:PathName>C:\Windows\system32\svchost.exe -k LocalSystemNetworkRestricted</p:PathName>
                    <p:ProcessId>0</p:ProcessId>
                    <p:ServiceSpecificExitCode>0</p:ServiceSpecificExitCode>
                    <p:ServiceType>Share Process</p:ServiceType>
                    <p:Started>false</p:Started>
                    <p:StartMode>Manual</p:StartMode>
                    <p:StartName>LocalSystem</p:StartName>
                    <p:State>Stopped</p:State>
                    <p:Status>OK</p:Status>
                    <p:SystemCreationClassName>Win32_ComputerSystem</p:SystemCreationClassName>
                    <p:SystemName>LGLW7152</p:SystemName>
                    <p:TagId>0</p:TagId>
                    <p:WaitHint>0</p:WaitHint>
                </p:Win32_Service>
                <p:Win32_Service xmlns:xsi="http://www.w3.org/2001/XMLSchema-instance"
                                 xmlns:p="http://schemas.microsoft.com/wbem/wsman/1/wmi/root/cimv2/Win32_Service"
                                 xmlns:cim="http://schemas.dmtf.org/wbem/wscim/1/common" xsi:type="p:Win32_Service_Type">
                    <p:AcceptPause>false</p:AcceptPause>
                    <p:AcceptStop>false</p:AcceptStop>
                    <p:Caption>Health Key and Certificate Management</p:Caption>
                    <p:CheckPoint>0</p:CheckPoint>
                    <p:CreationClassName>Win32_Service</p:CreationClassName>
                    <p:Description>Provides X.509 certificate and key management services for the Network Access Protection
                        Agent (NAPAgent). Enforcement technologies that use X.509 certificates may not function properly
                        without this service
                    </p:Description>
                    <p:DesktopInteract>false</p:DesktopInteract>
                    <p:DisplayName>Health Key and Certificate Management</p:DisplayName>
                    <p:ErrorControl>Normal</p:ErrorControl>
                    <p:ExitCode>1077</p:ExitCode>
                    <p:InstallDate xsi:nil="true"/>
                    <p:Name>hkmsvc</p:Name>
                    <p:PathName>C:\Windows\System32\svchost.exe -k netsvcs</p:PathName>
                    <p:ProcessId>0</p:ProcessId>
                    <p:ServiceSpecificExitCode>0</p:ServiceSpecificExitCode>
                    <p:ServiceType>Share Process</p:ServiceType>
                    <p:Started>false</p:Started>
                    <p:StartMode>Manual</p:StartMode>
                    <p:StartName>localSystem</p:StartName>
                    <p:State>Stopped</p:State>
                    <p:Status>OK</p:Status>
                    <p:SystemCreationClassName>Win32_ComputerSystem</p:SystemCreationClassName>
                    <p:SystemName>LGLW7152</p:SystemName>
                    <p:TagId>0</p:TagId>
                    <p:WaitHint>0</p:WaitHint>
                </p:Win32_Service>
                <p:Win32_Service xmlns:xsi="http://www.w3.org/2001/XMLSchema-instance"
                                 xmlns:p="http://schemas.microsoft.com/wbem/wsman/1/wmi/root/cimv2/Win32_Service"
                                 xmlns:cim="http://schemas.dmtf.org/wbem/wscim/1/common" xsi:type="p:Win32_Service_Type">
                    <p:AcceptPause>false</p:AcceptPause>
                    <p:AcceptStop>true</p:AcceptStop>
                    <p:Caption>IKE and AuthIP IPsec Keying Modules</p:Caption>
                    <p:CheckPoint>0</p:CheckPoint>
                    <p:CreationClassName>Win32_Service</p:CreationClassName>
                    <p:Description>The IKEEXT service hosts the Internet Key Exchange (IKE) and Authenticated Internet
                        Protocol (AuthIP) keying modules. These keying modules are used for authentication and key exchange
                        in Internet Protocol security (IPsec). Stopping or disabling the IKEEXT service will disable IKE and
                        AuthIP key exchange with peer computers. IPsec is typically configured to use IKE or AuthIP;
                        therefore, stopping or disabling the IKEEXT service might result in an IPsec failure and might
                        compromise the security of the system. It is strongly recommended that you have the IKEEXT service
                        running.
                    </p:Description>
                    <p:DesktopInteract>false</p:DesktopInteract>
                    <p:DisplayName>IKE and AuthIP IPsec Keying Modules</p:DisplayName>
                    <p:ErrorControl>Normal</p:ErrorControl>
                    <p:ExitCode>0</p:ExitCode>
                    <p:InstallDate xsi:nil="true"/>
                    <p:Name>IKEEXT</p:Name>
                    <p:PathName>C:\Windows\system32\svchost.exe -k netsvcs</p:PathName>
                    <p:ProcessId>856</p:ProcessId>
                    <p:ServiceSpecificExitCode>0</p:ServiceSpecificExitCode>
                    <p:ServiceType>Share Process</p:ServiceType>
                    <p:Started>true</p:Started>
                    <p:StartMode>Auto</p:StartMode>
                    <p:StartName>LocalSystem</p:StartName>
                    <p:State>Running</p:State>
                    <p:Status>OK</p:Status>
                    <p:SystemCreationClassName>Win32_ComputerSystem</p:SystemCreationClassName>
                    <p:SystemName>LGLW7152</p:SystemName>
                    <p:TagId>0</p:TagId>
                    <p:WaitHint>0</p:WaitHint>
                </p:Win32_Service>
                <p:Win32_Service xmlns:xsi="http://www.w3.org/2001/XMLSchema-instance"
                                 xmlns:p="http://schemas.microsoft.com/wbem/wsman/1/wmi/root/cimv2/Win32_Service"
                                 xmlns:cim="http://schemas.dmtf.org/wbem/wscim/1/common" xsi:type="p:Win32_Service_Type">
                    <p:AcceptPause>false</p:AcceptPause>
                    <p:AcceptStop>false</p:AcceptStop>
                    <p:Caption>PnP-X IP Bus Enumerator</p:Caption>
                    <p:CheckPoint>0</p:CheckPoint>
                    <p:CreationClassName>Win32_Service</p:CreationClassName>
                    <p:Description>The PnP-X bus enumerator service manages the virtual network bus. It discovers network
                        connected devices using the SSDP/WS discovery protocols and gives them presence in PnP. If this
                        service is stopped or disabled, presence of NCD devices will not be maintained in PnP. All pnpx
                        based scenarios will stop functioning.
                    </p:Description>
                    <p:DesktopInteract>false</p:DesktopInteract>
                    <p:DisplayName>PnP-X IP Bus Enumerator</p:DisplayName>
                    <p:ErrorControl>Normal</p:ErrorControl>
                    <p:ExitCode>1077</p:ExitCode>
                    <p:InstallDate xsi:nil="true"/>
                    <p:Name>IPBusEnum</p:Name>
                    <p:PathName>C:\Windows\system32\svchost.exe -k LocalSystemNetworkRestricted</p:PathName>
                    <p:ProcessId>0</p:ProcessId>
                    <p:ServiceSpecificExitCode>0</p:ServiceSpecificExitCode>
                    <p:ServiceType>Share Process</p:ServiceType>
                    <p:Started>false</p:Started>
                    <p:StartMode>Disabled</p:StartMode>
                    <p:StartName>LocalSystem</p:StartName>
                    <p:State>Stopped</p:State>
                    <p:Status>OK</p:Status>
                    <p:SystemCreationClassName>Win32_ComputerSystem</p:SystemCreationClassName>
                    <p:SystemName>LGLW7152</p:SystemName>
                    <p:TagId>0</p:TagId>
                    <p:WaitHint>0</p:WaitHint>
                </p:Win32_Service>
                <p:Win32_Service xmlns:xsi="http://www.w3.org/2001/XMLSchema-instance"
                                 xmlns:p="http://schemas.microsoft.com/wbem/wsman/1/wmi/root/cimv2/Win32_Service"
                                 xmlns:cim="http://schemas.dmtf.org/wbem/wscim/1/common" xsi:type="p:Win32_Service_Type">
                    <p:AcceptPause>false</p:AcceptPause>
                    <p:AcceptStop>true</p:AcceptStop>
                    <p:Caption>IP Helper</p:Caption>
                    <p:CheckPoint>0</p:CheckPoint>
                    <p:CreationClassName>Win32_Service</p:CreationClassName>
                    <p:Description>Provides tunnel connectivity using IPv6 transition technologies (6to4, ISATAP, Port
                        Proxy, and Teredo), and IP-HTTPS. If this service is stopped, the computer will not have the
                        enhanced connectivity benefits that these technologies offer.
                    </p:Description>
                    <p:DesktopInteract>false</p:DesktopInteract>
                    <p:DisplayName>IP Helper</p:DisplayName>
                    <p:ErrorControl>Normal</p:ErrorControl>
                    <p:ExitCode>0</p:ExitCode>
                    <p:InstallDate xsi:nil="true"/>
                    <p:Name>iphlpsvc</p:Name>
                    <p:PathName>C:\Windows\System32\svchost.exe -k NetSvcs</p:PathName>
                    <p:ProcessId>856</p:ProcessId>
                    <p:ServiceSpecificExitCode>0</p:ServiceSpecificExitCode>
                    <p:ServiceType>Share Process</p:ServiceType>
                    <p:Started>true</p:Started>
                    <p:StartMode>Auto</p:StartMode>
                    <p:StartName>LocalSystem</p:StartName>
                    <p:State>Running</p:State>
                    <p:Status>OK</p:Status>
                    <p:SystemCreationClassName>Win32_ComputerSystem</p:SystemCreationClassName>
                    <p:SystemName>LGLW7152</p:SystemName>
                    <p:TagId>0</p:TagId>
                    <p:WaitHint>0</p:WaitHint>
                </p:Win32_Service>
                <p:Win32_Service xmlns:xsi="http://www.w3.org/2001/XMLSchema-instance"
                                 xmlns:p="http://schemas.microsoft.com/wbem/wsman/1/wmi/root/cimv2/Win32_Service"
                                 xmlns:cim="http://schemas.dmtf.org/wbem/wscim/1/common" xsi:type="p:Win32_Service_Type">
                    <p:AcceptPause>false</p:AcceptPause>
                    <p:AcceptStop>false</p:AcceptStop>
                    <p:Caption>CNG Key Isolation</p:Caption>
                    <p:CheckPoint>0</p:CheckPoint>
                    <p:CreationClassName>Win32_Service</p:CreationClassName>
                    <p:Description>The CNG key isolation service is hosted in the LSA process. The service provides key
                        process isolation to private keys and associated cryptographic operations as required by the Common
                        Criteria. The service stores and uses long-lived keys in a secure process complying with Common
                        Criteria requirements.
                    </p:Description>
                    <p:DesktopInteract>false</p:DesktopInteract>
                    <p:DisplayName>CNG Key Isolation</p:DisplayName>
                    <p:ErrorControl>Normal</p:ErrorControl>
                    <p:ExitCode>1077</p:ExitCode>
                    <p:InstallDate xsi:nil="true"/>
                    <p:Name>KeyIso</p:Name>
                    <p:PathName>C:\Windows\system32\lsass.exe</p:PathName>
                    <p:ProcessId>0</p:ProcessId>
                    <p:ServiceSpecificExitCode>0</p:ServiceSpecificExitCode>
                    <p:ServiceType>Share Process</p:ServiceType>
                    <p:Started>false</p:Started>
                    <p:StartMode>Manual</p:StartMode>
                    <p:StartName>LocalSystem</p:StartName>
                    <p:State>Stopped</p:State>
                    <p:Status>OK</p:Status>
                    <p:SystemCreationClassName>Win32_ComputerSystem</p:SystemCreationClassName>
                    <p:SystemName>LGLW7152</p:SystemName>
                    <p:TagId>0</p:TagId>
                    <p:WaitHint>0</p:WaitHint>
                </p:Win32_Service>
                <p:Win32_Service xmlns:xsi="http://www.w3.org/2001/XMLSchema-instance"
                                 xmlns:p="http://schemas.microsoft.com/wbem/wsman/1/wmi/root/cimv2/Win32_Service"
                                 xmlns:cim="http://schemas.dmtf.org/wbem/wscim/1/common" xsi:type="p:Win32_Service_Type">
                    <p:AcceptPause>false</p:AcceptPause>
                    <p:AcceptStop>false</p:AcceptStop>
                    <p:Caption>KtmRm for Distributed Transaction Coordinator</p:Caption>
                    <p:CheckPoint>0</p:CheckPoint>
                    <p:CreationClassName>Win32_Service</p:CreationClassName>
                    <p:Description>Coordinates transactions between the Distributed Transaction Coordinator (MSDTC) and the
                        Kernel Transaction Manager (KTM). If it is not needed, it is recommended that this service remain
                        stopped. If it is needed, both MSDTC and KTM will start this service automatically. If this service
                        is disabled, any MSDTC transaction interacting with a Kernel Resource Manager will fail and any
                        services that explicitly depend on it will fail to start.
                    </p:Description>
                    <p:DesktopInteract>false</p:DesktopInteract>
                    <p:DisplayName>KtmRm for Distributed Transaction Coordinator</p:DisplayName>
                    <p:ErrorControl>Normal</p:ErrorControl>
                    <p:ExitCode>1077</p:ExitCode>
                    <p:InstallDate xsi:nil="true"/>
                    <p:Name>KtmRm</p:Name>
                    <p:PathName>C:\Windows\System32\svchost.exe -k NetworkServiceAndNoImpersonation</p:PathName>
                    <p:ProcessId>0</p:ProcessId>
                    <p:ServiceSpecificExitCode>0</p:ServiceSpecificExitCode>
                    <p:ServiceType>Share Process</p:ServiceType>
                    <p:Started>false</p:Started>
                    <p:StartMode>Manual</p:StartMode>
                    <p:StartName>NT AUTHORITY\NetworkService</p:StartName>
                    <p:State>Stopped</p:State>
                    <p:Status>OK</p:Status>
                    <p:SystemCreationClassName>Win32_ComputerSystem</p:SystemCreationClassName>
                    <p:SystemName>LGLW7152</p:SystemName>
                    <p:TagId>0</p:TagId>
                    <p:WaitHint>0</p:WaitHint>
                </p:Win32_Service>
            </n:Items>
        </n:PullResponse>
    </s:Body>
</s:Envelope>