<s:Envelope xml:lang="en-US" xmlns:s="http://www.w3.org/2003/05/soap-envelope"
            xmlns:a="http://schemas.xmlsoap.org/ws/2004/08/addressing"
            xmlns:n="http://schemas.xmlsoap.org/ws/2004/09/enumeration"
            xmlns:w="http://schemas.dmtf.org/wbem/wsman/1/wsman.xsd">
    <s:Header>
        <a:Action>http://schemas.xmlsoap.org/ws/2004/09/enumeration/PullResponse</a:Action>
        <a:MessageID>uuid:D04B3F13-A00F-4B74-95D0-F6E60EEC6D64</a:MessageID>
        <a:To>http://schemas.xmlsoap.org/ws/2004/08/addressing/role/anonymous</a:To>
        <a:RelatesTo>uuid:91a578b7-1bae-41cd-aa11-3b06fd604cf8</a:RelatesTo>
    </s:Header>
    <s:Body>
        <n:PullResponse>
            <n:EnumerationContext>uuid:8A99785E-B4C2-47E9-B8F4-59D030BF267C</n:EnumerationContext>
            <n:Items>
                <p:Win32_Service xmlns:xsi="http://www.w3.org/2001/XMLSchema-instance"
                                 xmlns:p="http://schemas.microsoft.com/wbem/wsman/1/wmi/root/cimv2/Win32_Service"
                                 xmlns:cim="http://schemas.dmtf.org/wbem/wscim/1/common" xsi:type="p:Win32_Service_Type">
                    <p:AcceptPause>false</p:AcceptPause>
                    <p:AcceptStop>false</p:AcceptStop>
                    <p:Caption>Microsoft Software Shadow Copy Provider</p:Caption>
                    <p:CheckPoint>0</p:CheckPoint>
                    <p:CreationClassName>Win32_Service</p:CreationClassName>
                    <p:Description>Manages software-based volume shadow copies taken by the Volume Shadow Copy service. If
                        this service is stopped, software-based volume shadow copies cannot be managed. If this service is
                        disabled, any services that explicitly depend on it will fail to start.
                    </p:Description>
                    <p:DesktopInteract>false</p:DesktopInteract>
                    <p:DisplayName>Microsoft Software Shadow Copy Provider</p:DisplayName>
                    <p:ErrorControl>Normal</p:ErrorControl>
                    <p:ExitCode>1077</p:ExitCode>
                    <p:InstallDate xsi:nil="true"/>
                    <p:Name>swprv</p:Name>
                    <p:PathName>C:\Windows\System32\svchost.exe -k swprv</p:PathName>
                    <p:ProcessId>0</p:ProcessId>
                    <p:ServiceSpecificExitCode>0</p:ServiceSpecificExitCode>
                    <p:ServiceType>Own Process</p:ServiceType>
                    <p:Started>false</p:Started>
                    <p:StartMode>Manual</p:StartMode>
                    <p:StartName>LocalSystem</p:StartName>
                    <p:State>Stopped</p:State>
                    <p:Status>OK</p:Status>
                    <p:SystemCreationClassName>Win32_ComputerSystem</p:SystemCreationClassName>
                    <p:SystemName>LGLW7152</p:SystemName>
                    <p:TagId>0</p:TagId>
                    <p:WaitHint>0</p:WaitHint>
                </p:Win32_Service>
                <p:Win32_Service xmlns:xsi="http://www.w3.org/2001/XMLSchema-instance"
                                 xmlns:p="http://schemas.microsoft.com/wbem/wsman/1/wmi/root/cimv2/Win32_Service"
                                 xmlns:cim="http://schemas.dmtf.org/wbem/wscim/1/common" xsi:type="p:Win32_Service_Type">
                    <p:AcceptPause>false</p:AcceptPause>
                    <p:AcceptStop>false</p:AcceptStop>
                    <p:Caption>Telephony</p:Caption>
                    <p:CheckPoint>0</p:CheckPoint>
                    <p:CreationClassName>Win32_Service</p:CreationClassName>
                    <p:Description>Provides Telephony API (TAPI) support for programs that control telephony devices on the
                        local computer and, through the LAN, on servers that are also running the service.
                    </p:Description>
                    <p:DesktopInteract>false</p:DesktopInteract>
                    <p:DisplayName>Telephony</p:DisplayName>
                    <p:ErrorControl>Normal</p:ErrorControl>
                    <p:ExitCode>1077</p:ExitCode>
                    <p:InstallDate xsi:nil="true"/>
                    <p:Name>TapiSrv</p:Name>
                    <p:PathName>C:\Windows\System32\svchost.exe -k tapisrv</p:PathName>
                    <p:ProcessId>0</p:ProcessId>
                    <p:ServiceSpecificExitCode>0</p:ServiceSpecificExitCode>
                    <p:ServiceType>Own Process</p:ServiceType>
                    <p:Started>false</p:Started>
                    <p:StartMode>Manual</p:StartMode>
                    <p:StartName>NT AUTHORITY\NetworkService</p:StartName>
                    <p:State>Stopped</p:State>
                    <p:Status>OK</p:Status>
                    <p:SystemCreationClassName>Win32_ComputerSystem</p:SystemCreationClassName>
                    <p:SystemName>LGLW7152</p:SystemName>
                    <p:TagId>0</p:TagId>
                    <p:WaitHint>0</p:WaitHint>
                </p:Win32_Service>
                <p:Win32_Service xmlns:xsi="http://www.w3.org/2001/XMLSchema-instance"
                                 xmlns:p="http://schemas.microsoft.com/wbem/wsman/1/wmi/root/cimv2/Win32_Service"
                                 xmlns:cim="http://schemas.dmtf.org/wbem/wscim/1/common" xsi:type="p:Win32_Service_Type">
                    <p:AcceptPause>false</p:AcceptPause>
                    <p:AcceptStop>false</p:AcceptStop>
                    <p:Caption>TPM Base Services</p:Caption>
                    <p:CheckPoint>0</p:CheckPoint>
                    <p:CreationClassName>Win32_Service</p:CreationClassName>
                    <p:Description>Enables access to the Trusted Platform Module (TPM), which provides hardware-based
                        cryptographic services to system components and applications. If this service is stopped or
                        disabled, applications will be unable to use keys protected by the TPM.
                    </p:Description>
                    <p:DesktopInteract>false</p:DesktopInteract>
                    <p:DisplayName>TPM Base Services</p:DisplayName>
                    <p:ErrorControl>Normal</p:ErrorControl>
                    <p:ExitCode>1077</p:ExitCode>
                    <p:InstallDate xsi:nil="true"/>
                    <p:Name>TBS</p:Name>
                    <p:PathName>C:\Windows\System32\svchost.exe -k LocalServiceAndNoImpersonation</p:PathName>
                    <p:ProcessId>0</p:ProcessId>
                    <p:ServiceSpecificExitCode>0</p:ServiceSpecificExitCode>
                    <p:ServiceType>Share Process</p:ServiceType>
                    <p:Started>false</p:Started>
                    <p:StartMode>Manual</p:StartMode>
                    <p:StartName>NT AUTHORITY\LocalService</p:StartName>
                    <p:State>Stopped</p:State>
                    <p:Status>OK</p:Status>
                    <p:SystemCreationClassName>Win32_ComputerSystem</p:SystemCreationClassName>
                    <p:SystemName>LGLW7152</p:SystemName>
                    <p:TagId>0</p:TagId>
                    <p:WaitHint>0</p:WaitHint>
                </p:Win32_Service>
                <p:Win32_TerminalService xmlns:xsi="http://www.w3.org/2001/XMLSchema-instance"
                                         xmlns:p="http://schemas.microsoft.com/wbem/wsman/1/wmi/root/cimv2/Win32_TerminalService"
                                         xmlns:cim="http://schemas.dmtf.org/wbem/wscim/1/common"
                                         xsi:type="p:Win32_TerminalService_Type">
                    <p:AcceptPause>false</p:AcceptPause>
                    <p:AcceptStop>true</p:AcceptStop>
                    <p:Caption>Remote Desktop Services</p:Caption>
                    <p:CheckPoint>0</p:CheckPoint>
                    <p:CreationClassName>Win32_Service</p:CreationClassName>
                    <p:Description>Allows users to connect interactively to a remote computer. Remote Desktop and Remote
                        Desktop Session Host Server depend on this service. To prevent remote use of this computer, clear
                        the checkboxes on the Remote tab of the System properties control panel item.
                    </p:Description>
                    <p:DesktopInteract>false</p:DesktopInteract>
                    <p:DisconnectedSessions>2</p:DisconnectedSessions>
                    <p:DisplayName>Remote Desktop Services</p:DisplayName>
                    <p:ErrorControl>Normal</p:ErrorControl>
                    <p:ExitCode>0</p:ExitCode>
                    <p:InstallDate xsi:nil="true"/>
                    <p:Name>TermService</p:Name>
                    <p:PathName>C:\Windows\System32\svchost.exe -k termsvcs</p:PathName>
                    <p:ProcessId>1572</p:ProcessId>
                    <p:ServiceSpecificExitCode>0</p:ServiceSpecificExitCode>
                    <p:ServiceType>Share Process</p:ServiceType>
                    <p:Started>true</p:Started>
                    <p:StartMode>Manual</p:StartMode>
                    <p:StartName>NT Authority\NetworkService</p:StartName>
                    <p:State>Running</p:State>
                    <p:Status>OK</p:Status>
                    <p:SystemCreationClassName>Win32_ComputerSystem</p:SystemCreationClassName>
                    <p:SystemName>LGLW7152</p:SystemName>
                    <p:TagId>0</p:TagId>
                    <p:TotalSessions>4</p:TotalSessions>
                    <p:WaitHint>0</p:WaitHint>
                </p:Win32_TerminalService>
                <p:Win32_Service xmlns:xsi="http://www.w3.org/2001/XMLSchema-instance"
                                 xmlns:p="http://schemas.microsoft.com/wbem/wsman/1/wmi/root/cimv2/Win32_Service"
                                 xmlns:cim="http://schemas.dmtf.org/wbem/wscim/1/common" xsi:type="p:Win32_Service_Type">
                    <p:AcceptPause>false</p:AcceptPause>
                    <p:AcceptStop>false</p:AcceptStop>
                    <p:Caption>Thread Ordering Server</p:Caption>
                    <p:CheckPoint>0</p:CheckPoint>
                    <p:CreationClassName>Win32_Service</p:CreationClassName>
                    <p:Description>Provides ordered execution for a group of threads within a specific period of time.
                    </p:Description>
                    <p:DesktopInteract>false</p:DesktopInteract>
                    <p:DisplayName>Thread Ordering Server</p:DisplayName>
                    <p:ErrorControl>Normal</p:ErrorControl>
                    <p:ExitCode>1077</p:ExitCode>
                    <p:InstallDate xsi:nil="true"/>
                    <p:Name>THREADORDER</p:Name>
                    <p:PathName>C:\Windows\system32\svchost.exe -k LocalService</p:PathName>
                    <p:ProcessId>0</p:ProcessId>
                    <p:ServiceSpecificExitCode>0</p:ServiceSpecificExitCode>
                    <p:ServiceType>Share Process</p:ServiceType>
                    <p:Started>false</p:Started>
                    <p:StartMode>Manual</p:StartMode>
                    <p:StartName>NT AUTHORITY\LocalService</p:StartName>
                    <p:State>Stopped</p:State>
                    <p:Status>OK</p:Status>
                    <p:SystemCreationClassName>Win32_ComputerSystem</p:SystemCreationClassName>
                    <p:SystemName>LGLW7152</p:SystemName>
                    <p:TagId>0</p:TagId>
                    <p:WaitHint>0</p:WaitHint>
                </p:Win32_Service>
                <p:Win32_Service xmlns:xsi="http://www.w3.org/2001/XMLSchema-instance"
                                 xmlns:p="http://schemas.microsoft.com/wbem/wsman/1/wmi/root/cimv2/Win32_Service"
                                 xmlns:cim="http://schemas.dmtf.org/wbem/wscim/1/common" xsi:type="p:Win32_Service_Type">
                    <p:AcceptPause>false</p:AcceptPause>
                    <p:AcceptStop>true</p:AcceptStop>
                    <p:Caption>Distributed Link Tracking Client</p:Caption>
                    <p:CheckPoint>0</p:CheckPoint>
                    <p:CreationClassName>Win32_Service</p:CreationClassName>
                    <p:Description>Maintains links between NTFS files within a computer or across computers in a network.
                    </p:Description>
                    <p:DesktopInteract>false</p:DesktopInteract>
                    <p:DisplayName>Distributed Link Tracking Client</p:DisplayName>
                    <p:ErrorControl>Normal</p:ErrorControl>
                    <p:ExitCode>0</p:ExitCode>
                    <p:InstallDate xsi:nil="true"/>
                    <p:Name>TrkWks</p:Name>
                    <p:PathName>C:\Windows\System32\svchost.exe -k LocalSystemNetworkRestricted</p:PathName>
                    <p:ProcessId>960</p:ProcessId>
                    <p:ServiceSpecificExitCode>0</p:ServiceSpecificExitCode>
                    <p:ServiceType>Share Process</p:ServiceType>
                    <p:Started>true</p:Started>
                    <p:StartMode>Auto</p:StartMode>
                    <p:StartName>LocalSystem</p:StartName>
                    <p:State>Running</p:State>
                    <p:Status>OK</p:Status>
                    <p:SystemCreationClassName>Win32_ComputerSystem</p:SystemCreationClassName>
                    <p:SystemName>LGLW7152</p:SystemName>
                    <p:TagId>0</p:TagId>
                    <p:WaitHint>0</p:WaitHint>
                </p:Win32_Service>
                <p:Win32_Service xmlns:xsi="http://www.w3.org/2001/XMLSchema-instance"
                                 xmlns:p="http://schemas.microsoft.com/wbem/wsman/1/wmi/root/cimv2/Win32_Service"
                                 xmlns:cim="http://schemas.dmtf.org/wbem/wscim/1/common" xsi:type="p:Win32_Service_Type">
                    <p:AcceptPause>false</p:AcceptPause>
                    <p:AcceptStop>false</p:AcceptStop>
                    <p:Caption>Windows Modules Installer</p:Caption>
                    <p:CheckPoint>0</p:CheckPoint>
                    <p:CreationClassName>Win32_Service</p:CreationClassName>
                    <p:Description>Enables installation, modification, and removal of Windows updates and optional
                        components. If this service is disabled, install or uninstall of Windows updates might fail for this
                        computer.
                    </p:Description>
                    <p:DesktopInteract>false</p:DesktopInteract>
                    <p:DisplayName>Windows Modules Installer</p:DisplayName>
                    <p:ErrorControl>Normal</p:ErrorControl>
                    <p:ExitCode>0</p:ExitCode>
                    <p:InstallDate xsi:nil="true"/>
                    <p:Name>TrustedInstaller</p:Name>
                    <p:PathName>C:\Windows\servicing\TrustedInstaller.exe</p:PathName>
                    <p:ProcessId>0</p:ProcessId>
                    <p:ServiceSpecificExitCode>0</p:ServiceSpecificExitCode>
                    <p:ServiceType>Own Process</p:ServiceType>
                    <p:Started>false</p:Started>
                    <p:StartMode>Manual</p:StartMode>
                    <p:StartName>localSystem</p:StartName>
                    <p:State>Stopped</p:State>
                    <p:Status>OK</p:Status>
                    <p:SystemCreationClassName>Win32_ComputerSystem</p:SystemCreationClassName>
                    <p:SystemName>LGLW7152</p:SystemName>
                    <p:TagId>0</p:TagId>
                    <p:WaitHint>0</p:WaitHint>
                </p:Win32_Service>
                <p:Win32_Service xmlns:xsi="http://www.w3.org/2001/XMLSchema-instance"
                                 xmlns:p="http://schemas.microsoft.com/wbem/wsman/1/wmi/root/cimv2/Win32_Service"
                                 xmlns:cim="http://schemas.dmtf.org/wbem/wscim/1/common" xsi:type="p:Win32_Service_Type">
                    <p:AcceptPause>false</p:AcceptPause>
                    <p:AcceptStop>false</p:AcceptStop>
                    <p:Caption>Interactive Services Detection</p:Caption>
                    <p:CheckPoint>0</p:CheckPoint>
                    <p:CreationClassName>Win32_Service</p:CreationClassName>
                    <p:Description>Enables user notification of user input for interactive services, which enables access to
                        dialogs created by interactive services when they appear. If this service is stopped, notifications
                        of new interactive service dialogs will no longer function and there might not be access to
                        interactive service dialogs. If this service is disabled, both notifications of and access to new
                        interactive service dialogs will no longer function.
                    </p:Description>
                    <p:DesktopInteract>true</p:DesktopInteract>
                    <p:DisplayName>Interactive Services Detection</p:DisplayName>
                    <p:ErrorControl>Normal</p:ErrorControl>
                    <p:ExitCode>1077</p:ExitCode>
                    <p:InstallDate xsi:nil="true"/>
                    <p:Name>UI0Detect</p:Name>
                    <p:PathName>C:\Windows\system32\UI0Detect.exe</p:PathName>
                    <p:ProcessId>0</p:ProcessId>
                    <p:ServiceSpecificExitCode>0</p:ServiceSpecificExitCode>
                    <p:ServiceType>Own Process</p:ServiceType>
                    <p:Started>false</p:Started>
                    <p:StartMode>Manual</p:StartMode>
                    <p:StartName>LocalSystem</p:StartName>
                    <p:State>Stopped</p:State>
                    <p:Status>OK</p:Status>
                    <p:SystemCreationClassName>Win32_ComputerSystem</p:SystemCreationClassName>
                    <p:SystemName>LGLW7152</p:SystemName>
                    <p:TagId>0</p:TagId>
                    <p:WaitHint>0</p:WaitHint>
                </p:Win32_Service>
                <p:Win32_Service xmlns:xsi="http://www.w3.org/2001/XMLSchema-instance"
                                 xmlns:p="http://schemas.microsoft.com/wbem/wsman/1/wmi/root/cimv2/Win32_Service"
                                 xmlns:cim="http://schemas.dmtf.org/wbem/wscim/1/common" xsi:type="p:Win32_Service_Type">
                    <p:AcceptPause>false</p:AcceptPause>
                    <p:AcceptStop>true</p:AcceptStop>
                    <p:Caption>Remote Desktop Services UserMode Port Redirector</p:Caption>
                    <p:CheckPoint>0</p:CheckPoint>
                    <p:CreationClassName>Win32_Service</p:CreationClassName>
                    <p:Description>Allows the redirection of Printers/Drives/Ports for RDP connections</p:Description>
                    <p:DesktopInteract>false</p:DesktopInteract>
                    <p:DisplayName>Remote Desktop Services UserMode Port Redirector</p:DisplayName>
                    <p:ErrorControl>Normal</p:ErrorControl>
                    <p:ExitCode>0</p:ExitCode>
                    <p:InstallDate xsi:nil="true"/>
                    <p:Name>UmRdpService</p:Name>
                    <p:PathName>C:\Windows\System32\svchost.exe -k LocalSystemNetworkRestricted</p:PathName>
                    <p:ProcessId>960</p:ProcessId>
                    <p:ServiceSpecificExitCode>0</p:ServiceSpecificExitCode>
                    <p:ServiceType>Share Process</p:ServiceType>
                    <p:Started>true</p:Started>
                    <p:StartMode>Manual</p:StartMode>
                    <p:StartName>localSystem</p:StartName>
                    <p:State>Running</p:State>
                    <p:Status>OK</p:Status>
                    <p:SystemCreationClassName>Win32_ComputerSystem</p:SystemCreationClassName>
                    <p:SystemName>LGLW7152</p:SystemName>
                    <p:TagId>0</p:TagId>
                    <p:WaitHint>0</p:WaitHint>
                </p:Win32_Service>
                <p:Win32_Service xmlns:xsi="http://www.w3.org/2001/XMLSchema-instance"
                                 xmlns:p="http://schemas.microsoft.com/wbem/wsman/1/wmi/root/cimv2/Win32_Service"
                                 xmlns:cim="http://schemas.dmtf.org/wbem/wscim/1/common" xsi:type="p:Win32_Service_Type">
                    <p:AcceptPause>false</p:AcceptPause>
                    <p:AcceptStop>false</p:AcceptStop>
                    <p:Caption>UPnP Device Host</p:Caption>
                    <p:CheckPoint>0</p:CheckPoint>
                    <p:CreationClassName>Win32_Service</p:CreationClassName>
                    <p:Description>Allows UPnP devices to be hosted on this computer. If this service is stopped, any hosted
                        UPnP devices will stop functioning and no additional hosted devices can be added. If this service is
                        disabled, any services that explicitly depend on it will fail to start.
                    </p:Description>
                    <p:DesktopInteract>false</p:DesktopInteract>
                    <p:DisplayName>UPnP Device Host</p:DisplayName>
                    <p:ErrorControl>Normal</p:ErrorControl>
                    <p:ExitCode>1077</p:ExitCode>
                    <p:InstallDate xsi:nil="true"/>
                    <p:Name>upnphost</p:Name>
                    <p:PathName>C:\Windows\system32\svchost.exe -k LocalServiceAndNoImpersonation</p:PathName>
                    <p:ProcessId>0</p:ProcessId>
                    <p:ServiceSpecificExitCode>0</p:ServiceSpecificExitCode>
                    <p:ServiceType>Share Process</p:ServiceType>
                    <p:Started>false</p:Started>
                    <p:StartMode>Disabled</p:StartMode>
                    <p:StartName>NT AUTHORITY\LocalService</p:StartName>
                    <p:State>Stopped</p:State>
                    <p:Status>OK</p:Status>
                    <p:SystemCreationClassName>Win32_ComputerSystem</p:SystemCreationClassName>
                    <p:SystemName>LGLW7152</p:SystemName>
                    <p:TagId>0</p:TagId>
                    <p:WaitHint>0</p:WaitHint>
                </p:Win32_Service>
            </n:Items>
        </n:PullResponse>
    </s:Body>
</s:Envelope>