<s:Envelope xml:lang="en-US" xmlns:s="http://www.w3.org/2003/05/soap-envelope"
            xmlns:a="http://schemas.xmlsoap.org/ws/2004/08/addressing"
            xmlns:n="http://schemas.xmlsoap.org/ws/2004/09/enumeration"
            xmlns:w="http://schemas.dmtf.org/wbem/wsman/1/wsman.xsd">
    <s:Header>
        <a:Action>http://schemas.xmlsoap.org/ws/2004/09/enumeration/EnumerateResponse</a:Action>
        <a:MessageID>uuid:3FFECC79-CE34-4C14-A49E-F3D9D779F318</a:MessageID>
        <a:To>http://schemas.xmlsoap.org/ws/2004/08/addressing/role/anonymous</a:To>
        <a:RelatesTo>uuid:14f2e143-b3b8-49aa-9636-acfa51779027</a:RelatesTo>
    </s:Header>
    <s:Body>
        <n:EnumerateResponse>
            <n:EnumerationContext>uuid:6CD30E83-BD7F-4385-AE52-023EFA976922</n:EnumerationContext>
        </n:EnumerateResponse>
    </s:Body>
</s:Envelope>