<s:Envelope xml:lang="en-US" xmlns:s="http://www.w3.org/2003/05/soap-envelope"
            xmlns:a="http://schemas.xmlsoap.org/ws/2004/08/addressing"
            xmlns:n="http://schemas.xmlsoap.org/ws/2004/09/enumeration"
            xmlns:w="http://schemas.dmtf.org/wbem/wsman/1/wsman.xsd">
    <s:Header>
        <a:Action>http://schemas.xmlsoap.org/ws/2004/09/enumeration/PullResponse</a:Action>
        <a:MessageID>uuid:7DCF2BD7-82E2-4786-8D5D-BC4DAD1BA5AB</a:MessageID>
        <a:To>http://schemas.xmlsoap.org/ws/2004/08/addressing/role/anonymous</a:To>
        <a:RelatesTo>uuid:357ba25d-1ef5-49e9-9591-056d0f76a533</a:RelatesTo>
    </s:Header>
    <s:Body>
        <n:PullResponse>
            <n:Items>
                <p:Win32_Volume xmlns:xsi="http://www.w3.org/2001/XMLSchema-instance"
                                xmlns:p="http://schemas.microsoft.com/wbem/wsman/1/wmi/root/cimv2/Win32_Volume"
                                xmlns:cim="http://schemas.dmtf.org/wbem/wscim/1/common" xsi:type="p:Win32_Volume_Type">
                    <p:Access xsi:nil="true"/>
                    <p:Automount>true</p:Automount>
                    <p:Availability xsi:nil="true"/>
                    <p:BlockSize>4096</p:BlockSize>
                    <p:BootVolume>true</p:BootVolume>
                    <p:Capacity>145982267392</p:Capacity>
                    <p:Caption>C:\</p:Caption>
                    <p:Compressed>false</p:Compressed>
                    <p:ConfigManagerErrorCode xsi:nil="true"/>
                    <p:ConfigManagerUserConfig xsi:nil="true"/>
                    <p:CreationClassName xsi:nil="true"/>
                    <p:Description xsi:nil="true"/>
                    <p:DeviceID>\\?\Volume{6586e345-e328-11e2-a803-806e6f6e6963}\</p:DeviceID>
                    <p:DirtyBitSet>false</p:DirtyBitSet>
                    <p:DriveLetter>C:</p:DriveLetter>
                    <p:DriveType>3</p:DriveType>
                    <p:ErrorCleared xsi:nil="true"/>
                    <p:ErrorDescription xsi:nil="true"/>
                    <p:ErrorMethodology xsi:nil="true"/>
                    <p:FileSystem>NTFS</p:FileSystem>
                    <p:FreeSpace>97608859648</p:FreeSpace>
                    <p:IndexingEnabled>true</p:IndexingEnabled>
                    <p:InstallDate xsi:nil="true"/>
                    <p:Label xsi:nil="true"/>
                    <p:LastErrorCode xsi:nil="true"/>
                    <p:MaximumFileNameLength>255</p:MaximumFileNameLength>
                    <p:Name>C:\</p:Name>
                    <p:NumberOfBlocks xsi:nil="true"/>
                    <p:PageFilePresent>true</p:PageFilePresent>
                    <p:PNPDeviceID xsi:nil="true"/>
                    <p:PowerManagementSupported xsi:nil="true"/>
                    <p:Purpose xsi:nil="true"/>
                    <p:QuotasEnabled>false</p:QuotasEnabled>
                    <p:QuotasIncomplete>false</p:QuotasIncomplete>
                    <p:QuotasRebuilding>false</p:QuotasRebuilding>
                    <p:SerialNumber>2888187872</p:SerialNumber>
                    <p:Status xsi:nil="true"/>
                    <p:StatusInfo xsi:nil="true"/>
                    <p:SupportsDiskQuotas>true</p:SupportsDiskQuotas>
                    <p:SupportsFileBasedCompression>true</p:SupportsFileBasedCompression>
                    <p:SystemCreationClassName xsi:nil="true"/>
                    <p:SystemName>winhost11</p:SystemName>
                    <p:SystemVolume>true</p:SystemVolume>
                </p:Win32_Volume>
                <p:Win32_Volume xmlns:xsi="http://www.w3.org/2001/XMLSchema-instance"
                                xmlns:p="http://schemas.microsoft.com/wbem/wsman/1/wmi/root/cimv2/Win32_Volume"
                                xmlns:cim="http://schemas.dmtf.org/wbem/wscim/1/common" xsi:type="p:Win32_Volume_Type">
                    <p:Access xsi:nil="true"/>
                    <p:Automount>true</p:Automount>
                    <p:Availability xsi:nil="true"/>
                    <p:BlockSize>4096</p:BlockSize>
                    <p:BootVolume>false</p:BootVolume>
                    <p:Capacity>1073344512</p:Capacity>
                    <p:Caption>N:\</p:Caption>
                    <p:Compressed>false</p:Compressed>
                    <p:ConfigManagerErrorCode xsi:nil="true"/>
                    <p:ConfigManagerUserConfig xsi:nil="true"/>
                    <p:CreationClassName xsi:nil="true"/>
                    <p:Description xsi:nil="true"/>
                    <p:DeviceID>\\?\Volume{dfd2c0e6-1fd1-11e3-92df-6c416a1e8ebb}\</p:DeviceID>
                    <p:DirtyBitSet>false</p:DirtyBitSet>
                    <p:DriveLetter>N:</p:DriveLetter>
                    <p:DriveType>3</p:DriveType>
                    <p:ErrorCleared xsi:nil="true"/>
                    <p:ErrorDescription xsi:nil="true"/>
                    <p:ErrorMethodology xsi:nil="true"/>
                    <p:FileSystem>NTFS</p:FileSystem>
                    <p:FreeSpace>1038864384</p:FreeSpace>
                    <p:IndexingEnabled>true</p:IndexingEnabled>
                    <p:InstallDate xsi:nil="true"/>
                    <p:Label>v3</p:Label>
                    <p:LastErrorCode xsi:nil="true"/>
                    <p:MaximumFileNameLength>255</p:MaximumFileNameLength>
                    <p:Name>N:\</p:Name>
                    <p:NumberOfBlocks xsi:nil="true"/>
                    <p:PageFilePresent>false</p:PageFilePresent>
                    <p:PNPDeviceID xsi:nil="true"/>
                    <p:PowerManagementSupported xsi:nil="true"/>
                    <p:Purpose xsi:nil="true"/>
                    <p:QuotasEnabled>false</p:QuotasEnabled>
                    <p:QuotasIncomplete>false</p:QuotasIncomplete>
                    <p:QuotasRebuilding>false</p:QuotasRebuilding>
                    <p:SerialNumber>2865578317</p:SerialNumber>
                    <p:Status xsi:nil="true"/>
                    <p:StatusInfo xsi:nil="true"/>
                    <p:SupportsDiskQuotas>true</p:SupportsDiskQuotas>
                    <p:SupportsFileBasedCompression>true</p:SupportsFileBasedCompression>
                    <p:SystemCreationClassName xsi:nil="true"/>
                    <p:SystemName>winhost11</p:SystemName>
                    <p:SystemVolume>false</p:SystemVolume>
                </p:Win32_Volume>
            </n:Items>
            <n:EndOfSequence/>
        </n:PullResponse>
    </s:Body>
</s:Envelope>
