                <p:Win32_Volume xmlns:xsi="http://www.w3.org/2001/XMLSchema-instance"
                                xmlns:p="http://schemas.microsoft.com/wbem/wsman/1/wmi/root/cimv2/Win32_Volume"
                                xmlns:cim="http://schemas.dmtf.org/wbem/wscim/1/common" xsi:type="p:Win32_Volume_Type">
                    <p:Access xsi:nil="true"/>
                    <p:Automount>true</p:Automount>
                    <p:Availability xsi:nil="true"/>
                    <p:BlockSize>${BlockSize}</p:BlockSize>
                    <p:BootVolume>true</p:BootVolume>
                    <p:Capacity>145982267392</p:Capacity>
                    <p:Caption>${Caption}</p:Caption>
                    <p:Compressed>false</p:Compressed>
                    <p:ConfigManagerErrorCode xsi:nil="true"/>
                    <p:ConfigManagerUserConfig xsi:nil="true"/>
                    <p:CreationClassName xsi:nil="true"/>
                    <p:Description xsi:nil="true"/>
                    <p:DeviceID>\\?\Volume{6586e345-e328-11e2-a803-806e6f6e6963}\</p:DeviceID>
                    <p:DirtyBitSet>false</p:DirtyBitSet>
                    <p:DriveLetter>${DriveLetter}</p:DriveLetter>
                    <p:DriveType>3</p:DriveType>
                    <p:ErrorCleared xsi:nil="true"/>
                    <p:ErrorDescription xsi:nil="true"/>
                    <p:ErrorMethodology xsi:nil="true"/>
                    <p:FileSystem>${FileSystem}</p:FileSystem>
                    <p:FreeSpace>97608859648</p:FreeSpace>
                    <p:IndexingEnabled>true</p:IndexingEnabled>
                    <p:InstallDate xsi:nil="true"/>
                    <p:Label xsi:nil="true"/>
                    <p:LastErrorCode xsi:nil="true"/>
                    <p:MaximumFileNameLength>255</p:MaximumFileNameLength>
                    <p:Name>${Name}</p:Name>
                    <p:NumberOfBlocks xsi:nil="true"/>
                    <p:PageFilePresent>true</p:PageFilePresent>
                    <p:PNPDeviceID xsi:nil="true"/>
                    <p:PowerManagementSupported xsi:nil="true"/>
                    <p:Purpose xsi:nil="true"/>
                    <p:QuotasEnabled>false</p:QuotasEnabled>
                    <p:QuotasIncomplete>false</p:QuotasIncomplete>
                    <p:QuotasRebuilding>false</p:QuotasRebuilding>
                    <p:SerialNumber>2888187872</p:SerialNumber>
                    <p:Status xsi:nil="true"/>
                    <p:StatusInfo xsi:nil="true"/>
                    <p:SupportsDiskQuotas>true</p:SupportsDiskQuotas>
                    <p:SupportsFileBasedCompression>true</p:SupportsFileBasedCompression>
                    <p:SystemCreationClassName xsi:nil="true"/>
                    <p:SystemName>${SystemName}</p:SystemName>
                    <p:SystemVolume>true</p:SystemVolume>
                </p:Win32_Volume>