<?xml version="1.0" encoding="UTF-8"?>
<s:Envelope xml:lang="en-US" xmlns:a="http://schemas.xmlsoap.org/ws/2004/08/addressing" xmlns:p="http://schemas.microsoft.com/wbem/wsman/1/wsman.xsd" xmlns:s="http://www.w3.org/2003/05/soap-envelope" xmlns:w="http://schemas.dmtf.org/wbem/wsman/1/wsman.xsd" xmlns:x="http://schemas.xmlsoap.org/ws/2004/09/transfer">
    <s:Fault xmlns:s="http://www.w3.org/2003/05/soap-envelope">
        <s:Code>
            <s:Value>s:Receiver</s:Value>
            <s:Subcode>
                <s:Value>w:InternalError</s:Value>
            </s:Subcode>
        </s:Code>
        <s:Reason>
            <s:Text xml:lang="en-US">An internal error occurred. </s:Text>
        </s:Reason>
        <s:Detail>
            <f:WSManFault Code="1359" Machine="srv190.europe.lcf-rothschild.bpere" xmlns:f="http://schemas.microsoft.com/wbem/wsman/1/wsmanfault">
                <f:Message>
                    <f:ProviderFault path="%systemroot%\system32\WsmWmiPl.dll" provider="WMI Provider">
                        <f:WSManFault Code="1359" Machine="SRV190.europe.lcf-rothschild.bpere">
                            <f:Message>HRESULT = 0x80041001</f:Message>
                        </f:WSManFault>
                        <f:ExtendedError>
                            <p:_ExtendedStatus xmlns="http://schemas.microsoft.com/wbem/wsman/1/wmi/root/wmi/ExtendedStatus" xmlns:cim="http://schemas.dmtf.org/wbem/wscim/1/common" xmlns:xsi="http://www.w3.org/2001/XMLSchema-instance" xsi:type="p:_ExtendedStatus_Type">
                                <p:Description xsi:nil="true"/>
                                <p:Operation>iSCSINodeName</p:Operation>
                                <p:ParameterInfo>select * from MSiSCSIInitiator_MethodClass</p:ParameterInfo>
                                <p:ProviderName>MSiSCSIInitiator_MethodClass</p:ProviderName>
                                <p:StatusCode>4026466366</p:StatusCode>
                            </p:_ExtendedStatus>
                        </f:ExtendedError>
                    </f:ProviderFault>
                </f:Message>
            </f:WSManFault>
        </s:Detail>
    </s:Fault>
</s:Envelope>