{
  "ctrl-12349-enum-405": {
    "enabled": false,
    "resource": "http://schemas.microsoft.com/wbem/wsman/1/wmi/root/wmi/MSiSCSIInitiator_MethodClass",
    "action": "http://schemas.xmlsoap.org/ws/2004/09/enumeration/Enumerate",
    "httpCode": 405,
    "faultContent": "Internal Server Error"
  },
  "ctrl-12349-enum-200": {
    "enabled": false,
    "resource": "http://schemas.microsoft.com/wbem/wsman/1/wmi/root/wmi/MSiSCSIInitiator_MethodClass",
    "action": "http://schemas.xmlsoap.org/ws/2004/09/enumeration/Enumerate",
    "httpCode": 200,
    "faultContent": "fault/os_enum_ctrl_12349.xml"
  }
}