<?xml version="1.0" encoding="UTF-8"?>

<!-- http://logback.qos.ch/manual/appenders.html -->
<configuration  scan="true" scanPeriod="60 seconds" debug="false">

   <appender name="logFile" class="ch.qos.logback.core.rolling.RollingFileAppender">
    <!--See also http://logback.qos.ch/manual/appenders.html#RollingFileAppender-->
    <File>logs/windowsSimulator.log</File>
      <layout class="ch.qos.logback.classic.PatternLayout">
      	<Pattern>%d{yyyy-MM-dd} %d{HH:mm:ss.SSS} [%thread] %-5level %logger{60} - %msg%n</Pattern>
      </layout>

       <rollingPolicy class="ch.qos.logback.core.rolling.TimeBasedRollingPolicy">
           <FileNamePattern>logs/windowsSimulator-%d{MM-dd}-%i.log</FileNamePattern>
           <MaxHistory>10</MaxHistory>

           <TimeBasedFileNamingAndTriggeringPolicy class="com.emc.qe.winsim.log.StartupAndSizeAndTimeBasedFNATP">
               <maxFileSize>100MB</maxFileSize>
           </TimeBasedFileNamingAndTriggeringPolicy>
       </rollingPolicy>
  </appender>

  <appender name="Console" class="ch.qos.logback.core.ConsoleAppender">
    <encoder>
      <pattern>%d{HH:mm:ss.SSS} [%thread] %-5level %logger{36} - %msg%n</pattern>   
    </encoder>   
  </appender>   
	<logger name="com.sun.jersey" additivity="false">
	    <level value="DEBUG" />
	    <appender-ref ref="JVM" />
	    <appender-ref ref="CONSOLE" />
	</logger>   
	
	<logger name="com.sun.common.util.logging" additivity="false">
	    <level value="DEBUG" />
	    <appender-ref ref="JVM" />
	    <appender-ref ref="CONSOLE" />
	</logger>
  <root level="INFO">
    <appender-ref ref="Console"/>
    <appender-ref ref="logFile"/>
  </root>
</configuration>