<ProcessorConfig>
    <Processors>
    
    	<!-- set delayInSeconds>0 in processors will increase mount/unmount time consumed; for a single request from vipr, the final response
    		 time will be actual time+delayInSeconds: please note that some operations such as Win32_DiskDrive, Win32_Volume will be called
    		 multiple times, actual delay time is delayInSeconds*timesCalled, such as if you set delayInSeconds=1 for Win32_DiskDrive and 
    		 Win32_DiskDrive called twice, eventually delay 2 seconds in mount operation, delayInSeconds=0 make no difference; some processors
    		 will affect mount and unmount others only affect mount, you can get this kind of information from the following comments around the
    		 processor
    	 -->
    	 
    	<!-- affect mount/unmount, twice -->
        <Processor>
            <url>http://schemas.microsoft.com/wbem/wsman/1/wmi/root/default/StdRegProv</url>
            <class>com.emc.qe.winsim.processor.StdRegProv</class>
            <delayInSeconds>1</delayInSeconds>
        </Processor>
        
        <!-- affect mount/unmount, twice -->
        <Processor>
            <url>http://schemas.microsoft.com/wbem/wsman/1/wmi/root/cimv2/Win32_DiskDrive</url>
            <class>com.emc.qe.winsim.processor.Win32DiskDrive</class>
            <delayInSeconds>2</delayInSeconds>
        </Processor>
        
        <!-- only affect mount, twice -->
        <Processor>
            <url>http://schemas.microsoft.com/wbem/wsman/1/wmi/root/cimv2/Win32_Volume</url>
            <class>com.emc.qe.winsim.processor.Win32Volume</class>
            <delayInSeconds>1</delayInSeconds>
        </Processor>
		<!-- end of the processors for mount operation -->


        <Processor>
            <url>http://schemas.microsoft.com/wbem/wsman/1/wmi/root/cimv2/Win32_OperatingSystem</url>
            <class>com.emc.qe.winsim.processor.Win32OperatingSystem</class>
        </Processor>

        <Processor>
            <url>http://schemas.microsoft.com/wbem/wsman/1/wmi/root/cimv2/Win32_Service</url>
            <class>com.emc.qe.winsim.processor.Win32Service</class>
        </Processor>

        <Processor>
            <url>http://schemas.microsoft.com/wbem/wsman/1/wmi/root/cimv2/Win32_NetworkAdapterConfiguration</url>
            <class>com.emc.qe.winsim.processor.Win32NetworkAdapterConfig</class>
        </Processor>

        <Processor>
            <url>http://schemas.microsoft.com/wbem/wsman/1/wmi/root/wmi/MSFC_FibrePortHBAAttributes</url>
            <class>com.emc.qe.winsim.processor.Win32MSFCFibrePortHBAAttributes</class>
        </Processor>

        <Processor>
            <url>http://schemas.microsoft.com/wbem/wsman/1/wmi/root/wmi/MSiSCSIInitiator_MethodClass</url>
            <class>com.emc.qe.winsim.processor.Win32OperatingSystem</class>
        </Processor>

        <Processor>
            <url>http://schemas.microsoft.com/wbem/wsman/1/windows/shell/cmd</url>
            <class>com.emc.qe.winsim.processor.RemoteCommand</class>
        </Processor>

        <Processor>
            <url>http://schemas.microsoft.com/wbem/wsman/1/wmi/root/mscluster/MSCluster_Cluster</url>
            <class>com.emc.qe.winsim.processor.MSCluster</class>
        </Processor>
        <Processor>
            <url>http://schemas.microsoft.com/wbem/wsman/1/wmi/root/mscluster/MSCluster_ClusterToNetworkInterface</url>
            <class>com.emc.qe.winsim.processor.MSClusterToNetworkInterface</class>
        </Processor>
        <Processor>
            <url>http://schemas.microsoft.com/wbem/wsman/1/wmi/root/mscluster/MSCluster_NetworkInterface</url>
            <class>com.emc.qe.winsim.processor.MSClusterNetworkInterface</class>
        </Processor>
        <Processor>
            <url>http://schemas.microsoft.com/wbem/wsman/1/wmi/root/mscluster/MSCluster_AvailableDisk</url>
            <class>com.emc.qe.winsim.processor.MSClusterAvailableDisk</class>
        </Processor>        
        <Processor>
            <url>http://schemas.microsoft.com/wbem/wsman/1/wmi/root/mscluster/MSCluster_ResourceToDisk</url>
            <class>com.emc.qe.winsim.processor.MSClusterResourceToDisk</class>
        </Processor>           
        <Processor>
            <url>http://schemas.microsoft.com/wbem/wsman/1/wmi/root/mscluster/MSCluster_Resource</url>
            <class>com.emc.qe.winsim.processor.MSClusterResource</class>
        </Processor>   
    </Processors>
</ProcessorConfig>