<Simulator>

    <port>5985</port>
<!--
  <Host_auto>
		<os>Microsoft Windows Server 2008 R2 Enterprise</os>
		<version>6.1.7601</version>
		<host_count>2</host_count>
		<hostname_prefix>winhost</hostname_prefix>
		<initiatorNumber>2</initiatorNumber>
		<initiatorProtocol>FC</initiatorProtocol>
	</Host_auto> 
-->


   <Hosts>
        <Host os="Microsoft Windows Server 2008 R2 Enterprise" version="6.1.7601">
        	<ip>winhost1</ip>
        	<Initiators>
        		<Initiator>00:00:00:00:00:00:00:11</Initiator>
        		<Initiator>00:00:00:00:00:00:00:12</Initiator>
        		<Initiator>00:00:00:00:00:00:00:13</Initiator>
        		<Initiator>00:00:00:00:00:00:00:14</Initiator>
        	</Initiators>
        </Host>
        <Host os="Microsoft Windows Server 2008 R2 Enterprise" version="6.1.7601">
        	<ip>winhost2</ip>
        	<Initiators>
        		<Initiator>00:00:00:00:00:00:00:21</Initiator>
        		<Initiator>00:00:00:00:00:00:00:22</Initiator>
        		<Initiator>00:00:00:00:00:00:00:23</Initiator>
        		<Initiator>00:00:00:00:00:00:00:24</Initiator>
        	</Initiators>
        </Host>
        <Host os="Microsoft Windows Server 2008 R2 Enterprise" version="6.1.7601">
        	<ip>winhost3</ip>
        	<Initiators>
        		<Initiator>00:00:00:00:00:00:00:31</Initiator>
        		<Initiator>00:00:00:00:00:00:00:32</Initiator>
        		<Initiator>00:00:00:00:00:00:00:33</Initiator>
        		<Initiator>00:00:00:00:00:00:00:34</Initiator>
        	</Initiators>
        </Host>
        <Host os="Microsoft Windows Server 2008 R2 Enterprise" version="6.1.7601">
        	<ip>winhost4</ip>
        	<Initiators>
        		<Initiator>00:00:00:00:00:00:00:41</Initiator>
        		<Initiator>00:00:00:00:00:00:00:42</Initiator>
        		<Initiator>00:00:00:00:00:00:00:43</Initiator>
        		<Initiator>00:00:00:00:00:00:00:44</Initiator>
        	</Initiators>
        </Host>
        <Host os="Microsoft Windows Server 2008 R2 Enterprise" version="6.1.7601">
        	<ip>winhost5</ip>
        	<Initiators>
        		<Initiator>00:00:00:00:00:00:00:51</Initiator>
        		<Initiator>00:00:00:00:00:00:00:52</Initiator>
        		<Initiator>00:00:00:00:00:00:00:53</Initiator>
        		<Initiator>00:00:00:00:00:00:00:54</Initiator>
        	</Initiators>
        </Host>
        <Host os="Microsoft Windows Server 2008 R2 Enterprise" version="6.1.7601">
        	<ip>winhost6</ip>
        	<Initiators>
        		<Initiator>00:00:00:00:00:00:00:61</Initiator>
        		<Initiator>00:00:00:00:00:00:00:62</Initiator>
        		<Initiator>00:00:00:00:00:00:00:63</Initiator>
        		<Initiator>00:00:00:00:00:00:00:64</Initiator>
        	</Initiators>
        </Host>
        <Host os="Microsoft Windows Server 2008 R2 Enterprise" version="6.1.7601">
        	<ip>winhost7</ip>
        	<Initiators>
        		<Initiator>00:00:00:00:00:00:00:71</Initiator>
        		<Initiator>00:00:00:00:00:00:00:72</Initiator>
        		<Initiator>00:00:00:00:00:00:00:73</Initiator>
        		<Initiator>00:00:00:00:00:00:00:74</Initiator>
        	</Initiators>
        </Host>
        <Host os="Microsoft Windows Server 2008 R2 Enterprise" version="6.1.7601">
        	<ip>winhost8</ip>
        	<Initiators>
        		<Initiator>00:00:00:00:00:00:00:81</Initiator>
        		<Initiator>00:00:00:00:00:00:00:82</Initiator>
        		<Initiator>00:00:00:00:00:00:00:83</Initiator>
        		<Initiator>00:00:00:00:00:00:00:84</Initiator>
        	</Initiators>
        </Host>
        <Host os="Microsoft Windows Server 2008 R2 Enterprise" version="6.1.7601">
        	<ip>winhost9</ip>
        	<Initiators>
        		<Initiator>00:00:00:00:00:00:00:91</Initiator>
        		<Initiator>00:00:00:00:00:00:00:92</Initiator>
        		<Initiator>00:00:00:00:00:00:00:93</Initiator>
        		<Initiator>00:00:00:00:00:00:00:94</Initiator>
        	</Initiators>
        </Host>
        <Host os="Microsoft Windows Server 2008 R2 Enterprise" version="6.1.7601">
        	<ip>winhost10</ip>
        	<Initiators>
        		<Initiator>00:00:00:00:00:00:00:A1</Initiator>
        		<Initiator>00:00:00:00:00:00:00:A2</Initiator>
        		<Initiator>00:00:00:00:00:00:00:A3</Initiator>
        		<Initiator>00:00:00:00:00:00:00:A4</Initiator>
        	</Initiators>
        </Host>
    </Hosts>

	<Clusters>
		<Cluster name="ws_cluster" hosts="winhost1,winhost2"/>
	</Clusters>

    <Providers>
        <provider ip="10.247.66.220" username="admin" password="#1Password" port="5989" type="VMAX"></provider>
        <provider ip="10.247.66.220" username="admin" password="#1Password" port="6000" type="HDS"></provider>
        <provider ip="10.247.66.220" username="admin" password="#1Password" port="8020" type="XIO"></provider>
        
    </Providers>

</Simulator>
