<?xml version="1.0" encoding="UTF-8"?>
   <!-- ****************************************************************** -->
   <!-- **               Role Management                                ** -->
   <!-- ****************************************************************** -->
<ConfigurationSet>
   <configuration>
      <config-id>
         <config>RoleManagement</config>
         <class-id class="RoleManagement" version="1" />
      </config-id>
      <properties>
&lt;RoleManagementConfigProperties&gt;&lt;file&gt;RoleData.xml&lt;/file&gt;&lt;/RoleManagementConfigProperties&gt;
      </properties>
      <description/>
      <attributes/>
      <requires/>
   </configuration>
   <!-- ****************************************************************** -->
   <!-- **               Token Service (No properties required)         ** -->
   <!-- ****************************************************************** -->
   <configuration>
      <config-id>
         <config>Token Service</config>
         <class-id class="TokenService" version="1" />
      </config-id>
      <properties/>
      <description/>
      <attributes/>
      <requires/>
   </configuration>

   <!-- ****************************************************************** -->
   <!-- **      Crypto Service configuration                            ** -->
   <!-- ****************************************************************** -->
   <configuration>
      <config-id>
         <config>Crypto Service</config>
         <class-id class="CryptoService"/>
      </config-id>
      <properties></properties>
      <description></description>
      <attributes/>
      <requires/>
   </configuration>

   <!-- ****************************************************************** -->
   <!-- **      User Management and LocalDirectory Configuration Sample ** -->
   <!-- ****************************************************************** -->
    <configuration>
      <config-id>
         <config>UserManagement</config>
	    <class-id class="UserManagementService" version="1"/>
      </config-id>
      <properties/>
      <description/>
      <attributes/>
      <requires/>
   </configuration>

   <!-- ****************************************************************** -->
   <!-- **      Local Directory Configuration                           ** -->
   <!-- ****************************************************************** -->
  <configuration>
    <config-id>
      <config>LocalDirectory-Config</config>
      <class-id class="LocalDirectory" version="1"/>
    </config-id>
    <properties>
&lt;LocalDirectoryConfigProperties&gt;
&lt;filename&gt;LocalDirectoryData.xml&lt;/filename&gt;
&lt;passwordsExpireAfter&gt;90&lt;/passwordsExpireAfter&gt;
&lt;minPasswordLength&gt;8&lt;/minPasswordLength&gt;
&lt;maxPasswordLength&gt;20&lt;/maxPasswordLength&gt;
&lt;specialCharsRequired&gt;0&lt;/specialCharsRequired&gt;
&lt;alphanumericMixRequired&gt;1&lt;/alphanumericMixRequired&gt;
&lt;mixedCaseRequired&gt;1&lt;/mixedCaseRequired&gt;
&lt;passwordCount&gt;10&lt;/passwordCount&gt;
&lt;/LocalDirectoryConfigProperties&gt;
    </properties>
    <description/>
    <attributes/>
    <requires/>
  </configuration>

   <!-- ****************************************************************** -->
   <!-- **      Password Authentication                                 ** -->
   <!-- ****************************************************************** -->
    <configuration>
      <config-id>
         <config>Authentication-Service</config>
         <class-id class="CSPAuthenticationService" version="1" />
      </config-id>
      <properties>
        &lt;AuthenticationServiceSettings&gt;&lt;policy&gt;password&lt;/policy&gt;&lt;/AuthenticationServiceSettings&gt;
      </properties>
      <description/>
      <attributes/>
      <requires/>
   </configuration>

   <!-- ****************************************************************** -->
   <!-- **      Catalog Service used for Logging messages               ** -->
   <!-- ****************************************************************** -->
   <configuration>
      <config-id>
         <config>CatalogServiceConfig</config>
         <class-id class="CatalogService"/>
      </config-id>
      <properties></properties>
      <description></description>
      <attributes/>
      <requires/>
   </configuration>

   <!-- ****************************************************************** -->
   <!-- **      Windows Message Catalog                                 ** -->
   <!-- ****************************************************************** -->
   <configuration>
      <config-id>
         <config>CSPInternalMessageCatalogWindows</config>
         <class-id class="CatalogWindows"/>
      </config-id>
      <properties>&lt;?xml version=&quot;1.0&quot; encoding=&quot;UTF-8&quot;?&gt;
&lt;CatalogWindowsConfig&gt;
   &lt;catalogId&gt;CSP&lt;/catalogId&gt;
   &lt;name&gt;CSP-MessageCatalog&lt;/name&gt;
   &lt;path&gt;&lt;/path&gt;
   &lt;locale&gt;en-US&lt;/locale&gt;
   &lt;defaultCatalog&gt;true&lt;/defaultCatalog&gt;
   &lt;formatter&gt;
      &lt;config&gt;SprintfFormatterConfig&lt;/config&gt;
      &lt;class-id class=&quot;SprintfFormatter&quot;/&gt;
   &lt;/formatter&gt;
&lt;/CatalogWindowsConfig&gt;</properties>
      <description></description>
      <attributes/>
      <requires/>
   </configuration>

   <configuration>
      <config-id>
         <config>CSTAdminMessageCatalog</config>
         <class-id class="CatalogWindows"/>
      </config-id>
      <properties>&lt;?xml version=&quot;1.0&quot; encoding=&quot;UTF-8&quot;?&gt;
&lt;CatalogWindowsConfig&gt;
   &lt;catalogId&gt;CSTAdmin&lt;/catalogId&gt;
   &lt;name&gt;CSP-MessageCatalog&lt;/name&gt;
   &lt;path&gt;&lt;/path&gt;
   &lt;locale&gt;en-US&lt;/locale&gt;
   &lt;defaultCatalog&gt;true&lt;/defaultCatalog&gt;
   &lt;formatter&gt;
      &lt;config&gt;SprintfFormatterConfig&lt;/config&gt;
      &lt;class-id class=&quot;SprintfFormatter&quot;/&gt;
   &lt;/formatter&gt;
&lt;/CatalogWindowsConfig&gt;</properties>
      <description></description>
      <attributes/>
      <requires/>
   </configuration>

   <configuration>
      <config-id>
         <config>CSTAdminMessageCatalog</config>
         <class-id class="CatalogWindows"/>
      </config-id>
      <properties>&lt;?xml version=&quot;1.0&quot; encoding=&quot;UTF-8&quot;?&gt;
&lt;CatalogWindowsConfig&gt;
   &lt;catalogId&gt;CSTAdmin&lt;/catalogId&gt;
   &lt;name&gt;CSP-MessageCatalog&lt;/name&gt;
   &lt;path&gt;&lt;/path&gt;
   &lt;locale&gt;en-US&lt;/locale&gt;
   &lt;defaultCatalog&gt;true&lt;/defaultCatalog&gt;
   &lt;formatter&gt;
      &lt;config&gt;SprintfFormatterConfig&lt;/config&gt;
      &lt;class-id class=&quot;SprintfFormatter&quot;/&gt;
   &lt;/formatter&gt;
&lt;/CatalogWindowsConfig&gt;</properties>
      <description></description>
      <attributes/>
      <requires/>
   </configuration>

   <!-- ****************************************************************** -->
   <!-- **      Posix Message Catalogs                                  ** -->
   <!-- ****************************************************************** -->
   <configuration>
      <config-id>
         <config>CSPInternalMessageCatalogPosix</config>
         <class-id class="CatalogPosix"/>
      </config-id>
      <properties>&lt;?xml version=&quot;1.0&quot; encoding=&quot;UTF-8&quot;?&gt;
&lt;CatalogPosixConfig&gt;
   &lt;catalogId&gt;CSP&lt;/catalogId&gt;
   &lt;name&gt;CSP-MessageCatalog&lt;/name&gt;
   &lt;path&gt;.&lt;/path&gt;
   &lt;locale&gt;en-US&lt;/locale&gt;
   &lt;defaultCatalog&gt;true&lt;/defaultCatalog&gt;
   &lt;formatter&gt;
      &lt;config&gt;SprintfFormatterConfig&lt;/config&gt;
      &lt;class-id class=&quot;SprintfFormatter&quot;/&gt;
   &lt;/formatter&gt;
&lt;/CatalogPosixConfig&gt;</properties>
      <description></description>
      <attributes/>
      <requires/>
   </configuration>

   <configuration>
      <config-id>
         <config>CSTAdminMessageCatalog</config>
         <class-id class="CatalogPosix"/>
      </config-id>
      <properties>&lt;?xml version=&quot;1.0&quot; encoding=&quot;UTF-8&quot;?&gt;
&lt;CatalogPosixConfig&gt;
   &lt;catalogId&gt;CSTAdmin&lt;/catalogId&gt;
   &lt;name&gt;CSP-MessageCatalog&lt;/name&gt;
   &lt;path&gt;&lt;/path&gt;
   &lt;locale&gt;en-US&lt;/locale&gt;
   &lt;defaultCatalog&gt;true&lt;/defaultCatalog&gt;
   &lt;formatter&gt;
      &lt;config&gt;SprintfFormatterConfig&lt;/config&gt;
      &lt;class-id class=&quot;SprintfFormatter&quot;/&gt;
   &lt;/formatter&gt;
&lt;/CatalogPosixConfig&gt;</properties>
      <description></description>
      <attributes/>
      <requires/>
   </configuration>

   <!-- ****************************************************************** -->
   <!-- **      File as a logging destination                           ** -->
   <!-- ****************************************************************** -->
   <configuration>
      <config-id>
         <config>FileDestination</config>
         <class-id class="DestinationFile"/>
      </config-id>
      <properties>&lt;?xml version=&quot;1.0&quot; encoding=&quot;UTF-8&quot;?&gt;
&lt;DestinationFileConfig&gt;
   &lt;maxFileCount&gt;3&lt;/maxFileCount&gt;
   &lt;rotationType&gt;size&lt;/rotationType&gt;
   &lt;rotationAgeValue&gt;1&lt;/rotationAgeValue&gt;
   &lt;rotationSizeValue&gt;1&lt;/rotationSizeValue&gt;
   &lt;filePath&gt;&lt;/filePath&gt;
   &lt;baseFileName&gt;CSTLogFile&lt;/baseFileName&gt;
   &lt;useProductName&gt;true&lt;/useProductName&gt;
   &lt;useProductComponentName&gt;true&lt;/useProductComponentName&gt;
   &lt;sharedWriterEnabled&gt;false&lt;/sharedWriterEnabled&gt;
   &lt;layout&gt;
      &lt;config&gt;FlatLayout&lt;/config&gt;
      &lt;class-id class=&quot;LayoutFlat&quot;/&gt;
   &lt;/layout&gt;
   &lt;locale&gt;en-US&lt;/locale&gt;
&lt;/DestinationFileConfig&gt;</properties>
      <description></description>
      <attributes/>
      <requires/>
   </configuration>

   <!-- ****************************************************************** -->
   <!-- **      Local Syslog logging destination                        ** -->
   <!-- ****************************************************************** -->
   <configuration>
      <config-id>
         <config>LocalSyslogDestination</config>
         <class-id class="DestinationSyslog"/>
      </config-id>
      <properties>&lt;?xml version=&quot;1.0&quot; encoding=&quot;UTF-8&quot;?&gt;
&lt;DestinationSyslogConfig&gt;
   &lt;location&gt;local&lt;/location&gt;
   &lt;hostname&gt;localhost&lt;/hostname&gt;
   &lt;portNumber&gt;514&lt;/portNumber&gt;
   &lt;portType&gt;UDP&lt;/portType&gt;
   &lt;facility&gt;AUTHPRIV&lt;/facility&gt;
   &lt;layout&gt;
      &lt;config&gt;FlatLayout&lt;/config&gt;
      &lt;class-id class=&quot;LayoutFlat&quot; version=&quot;1&quot;/&gt;
   &lt;/layout&gt;
   &lt;locale&gt;en-US&lt;/locale&gt;
&lt;/DestinationSyslogConfig&gt;</properties>
      <description></description>
      <attributes/>
      <requires/>
   </configuration>

   <!-- ****************************************************************** -->
   <!-- **      Windoes Event log logging destination                   ** -->
   <!-- ****************************************************************** -->
   <configuration>
      <config-id>
         <config>WindowsEventLogDestination</config>
         <class-id class="DestinationEventLog"/>
      </config-id>
      <properties>&lt;?xml version=&quot;1.0&quot; encoding=&quot;UTF-8&quot;?&gt;
&lt;DestinationEventLogConfig&gt;
   &lt;eventLogSet name=&quot;Default&quot;&gt;
      &lt;eventLogItem name=&quot;CSPInternal&quot;&gt;
         &lt;catalogId&gt;CSP&lt;/catalogId&gt;
         &lt;eventSource&gt;MyProduct Security&lt;/eventSource&gt;
         &lt;defaultCategory&gt;0&lt;/defaultCategory&gt;
      &lt;/eventLogItem&gt;
      &lt;eventLogItem name=&quot;CSTAdmin&quot;&gt;
         &lt;catalogId&gt;CSTAdmin&lt;/catalogId&gt;
         &lt;eventSource&gt;MyProduct Security CLI&lt;/eventSource&gt;
         &lt;defaultCategory&gt;0&lt;/defaultCategory&gt;
      &lt;/eventLogItem&gt;
   &lt;/eventLogSet&gt;
&lt;/DestinationEventLogConfig&gt;</properties>
      <description></description>
      <attributes/>
      <requires/>
   </configuration>

   <!-- ****************************************************************** -->
   <!-- **      Flat layout for messages                                ** -->
   <!-- ****************************************************************** -->
   <configuration>
      <config-id>
         <config>FlatLayout</config>
         <class-id class="LayoutFlat"/>
      </config-id>
      <properties></properties>
      <description></description>
      <attributes/>
      <requires/>
   </configuration>


   <!-- ****************************************************************** -->
   <!-- **      Raw layout for messages                                 ** -->
   <!-- ****************************************************************** -->
   <configuration>
      <config-id>
         <config>RawLayout</config>
         <class-id class="LayoutRaw"/>
      </config-id>
      <properties></properties>
      <description></description>
      <attributes/>
      <requires/>
   </configuration>


   <!-- ****************************************************************** -->
   <!-- **      XML layout for messages                                 ** -->
   <!-- ****************************************************************** -->
   <configuration>
      <config-id>
         <config>XMLLayout</config>
         <class-id class="LayoutXML"/>
      </config-id>
      <properties></properties>
      <description></description>
      <attributes/>
      <requires/>
   </configuration>
   

   <!-- ****************************************************************** -->
   <!-- **      Localization Service                                    ** -->
   <!-- ****************************************************************** -->
   <configuration>
      <config-id>
         <config>LocalizationServiceConfig</config>
         <class-id class="LocalizationService"/>
      </config-id>
      <properties></properties>
      <description></description>
      <attributes/>
      <requires/>
   </configuration>


   <!-- ****************************************************************** -->
   <!-- **      Notification Service                                    ** -->
   <!-- ****************************************************************** -->
   <configuration>
      <config-id>
         <config>NotificationServiceConfig</config>
         <class-id class="NotificationService"/>
      </config-id>
      <properties></properties>
      <description></description>
      <attributes/>
      <requires/>
   </configuration>
   

   <!-- ****************************************************************** -->
   <!-- **      Log Record Filter                                       ** -->
   <!-- ****************************************************************** -->
   <configuration>
      <config-id>
         <config>SeverityInfoFilter</config>
         <class-id class="LogRecordFilter"/>
      </config-id>
      <properties>&lt;?xml version=&quot;1.0&quot; encoding=&quot;UTF-8&quot;?&gt;
&lt;FilterConfig&gt;
   &lt;filter andoperation=&quot;true&quot;&gt;
   &lt;/filter&gt;
&lt;/FilterConfig&gt;</properties>
      <description></description>
      <attributes/>
      <requires/>
   </configuration>
   

   <!-- ****************************************************************** -->
   <!-- **      Sprintf Log Formatter                                   ** -->
   <!-- ****************************************************************** -->
   <configuration>
	<config-id>
		<config>SprintfFormatterConfig</config>
		<class-id class="SprintfFormatter"/>
	</config-id>
      <properties></properties>
	<description/>
	<attributes/>
	<requires/>
   </configuration>
   

   <!-- ****************************************************************** -->
   <!-- **      Positional Log Formatter                                ** -->
   <!-- ****************************************************************** -->
   <configuration>
      <config-id>
         <config>PositionalFormatterConfig</config>
         <class-id class="PositionalFormatter"/>
      </config-id>
      <properties></properties>
      <description></description>
      <attributes/>
      <requires/>
   </configuration>


   <!-- ****************************************************************** -->
   <!-- **      Log Service                                             ** -->
   <!-- ****************************************************************** -->
   <configuration>
      <config-id>
         <config>LogServiceConfig</config>
         <class-id class="LogService"/>
      </config-id>
      <properties>&lt;?xml version=&quot;1.0&quot; encoding=&quot;UTF-8&quot;?&gt;
&lt;LogServiceConfig&gt;
   &lt;destinationSet name=&quot;Default&quot;&gt;
   &lt;/destinationSet&gt;
&lt;/LogServiceConfig&gt;</properties>
      <description></description>
      <attributes/>
      <requires/>
   </configuration>


</ConfigurationSet>
