<?xml version="1.0" encoding="UTF-8"?>
<loader loader="LayoutXML">
	<library language="C++" system="Windows">
		<file>CSP-LayoutXML</file>
		<properties/>
	</library>
	<class>
		<class-id class="LayoutXML" version="1"/>
		<description/>
		<schema/>
		<functions language="C++">
			<function name="Create" method="newLayoutXML"/>
			<function name="Delete" method="deleteLayoutXML"/>
			<function name="Options" method="newLayoutXMLOptions"/>
		</functions>
		<interface>
			<interface-id class="Layout" version="1"/>
			<attributes/>
		</interface>
	</class>
</loader>
