<?xml version="1.0" encoding="UTF-8"?>
<loader loader="CatalogPosix">
	<catalog language="EN">
		<message code="1" name="catalogId" text="Catalog identifier"/>
		<message code="2" name="name" text="Catalog name (no extension)"/>
		<message code="3" name="path" text="Directory where catalog is located"/>
		<message code="4" name="locale" text="Locale of this catalog"/>
		<message code="5" name="defaultCatalog" text="Is this the default catalog for this catalogid?"/>
		<message code="6" name="formatter" text="Formatter configuration"/>
	</catalog>
	<library language="C++" system="Windows">
		<file>CSP-CatalogPosix</file>
		<properties/>
	</library>
	<class>
		<class-id class="CatalogPosix" version="1"/>
		<description/>
		<schema/>
		<functions language="C++">
			<function name="Create" method="newCatalogPosix"/>
			<function name="Delete" method="deleteCatalogPosix"/>
			<function name="Options" method="newCatalogPosixOptions"/>
		</functions>
		<interface>
			<interface-id class="Catalog" version="1"/>
			<attributes/>
		</interface>
	</class>
</loader>
