<?xml version="1.0" encoding="UTF-8"?>
<loader loader="CertificateManagement">
  <catalog language="EN">
	<message code="2800" name="CSP_E_CERT_DELETED" text="Certificate %s deleted from store %s."/>
	<message code="2801" name="CSP_E_CERT_DELETED_FAILED" text="Failure deleting certificate %s from store %s. [%s] [%d]"/>
	<message code="2802" name="CSP_E_ASSIGN_PURPOSE" text="Purpose %s assigned to certificate %s."/>
	<message code="2803" name="CSP_E_ASSIGN_PURPOSE_FAILED" text="Failure assigning purpose %s to certificate %s. [%s] [%d]"/>
	<message code="2804" name="CSP_E_CERT_TRUSTED" text="Marked certificate %s as trusted."/>
	<message code="2805" name="CSP_E_CERT_TRUSTED_FAILED" text="Failure marking certificate %s as trusted. [%s] [%d]"/>
	<message code="2806" name="CSP_E_CERT_NOTTRUSTED" text="Marked certificate %s as not trusted."/>
	<message code="2807" name="CSP_E_CERT_NOTTRUSTED_FAILED" text="Failure marking certificate %s as not trusted."/>
	<message code="2808" name="CSP_E_CERT_LIST_CERTS_FAILED" text="Failure listing certificates from store %s. [%s] [%d]"/>
	<message code="2809" name="CSP_E_CERT_IMPORT_PKI" text="Imported PKI data %s as type %s."/>
	<message code="2810" name="CSP_E_CERT_IMPORT_PKI_FAILED" text="Failure importing PKI data as type %s. [%s] [%d]"/>
	<message code="2811" name="StorePath" text="The file in which to save the certificate store"/>
	<message code="2812" name="CSP_E_CERT_LIST_CERTS" text="Certificates listed from store %s."/>
   </catalog>
   <library language="C++" system="Windows">
      <file>CSP-CertService</file>
      <properties />
   </library>
   <class>
      <class-id class="CertificateManagement" version="1"/>
      <description/>
      <schema />
      <functions language="C++">
         <function name="Create" method="newCertService" />
         <function name="Delete" method="deleteCertService" />
         <function name="Options"  method="newCertOptions" />
         <function name="Validate" method="validateCertConfig"/>
      </functions>
      <interface>
         <interface-id class="CertificateManagement" version="1" />
         <attributes />
      </interface>
   </class>
</loader>
