<?xml version="1.0" encoding="UTF-8"?>
<loader loader="CATALOGSERVICE">
   <library language="C++" system="Windows">
      <file>CSP-CatalogService</file>
      <properties />
   </library>
   <class>
      <class-id class="CatalogService" version="1"/>
      <description/>
      <schema />
      <functions language="C++">
         <function name="Create" method="newCatalogService" />
         <function name="Delete" method="deleteCatalogService" />
         <function name="Options"  method="newCatalogServiceOptions" />
      </functions>
      <interface>
         <interface-id class="CatalogService" version="1" />
         <attributes />
      </interface>
   </class>
</loader>
