<?xml version="1.0" encoding="UTF-8"?>
<application>
	<classes>
		<loader-id name="CSP" file="CSP.xml"/>
		<loader-id name="CSP-SM" file="CSP-SM.xml"/>
		<loader-id name="CONFIG" file="CSP-Config.xml"/>
		<loader-id name="Administration" file="CSP-Admin.xml"/>
		<loader-id name="AUTHN" file="CSP-Authn.xml"/>
		<loader-id name="TokenService" file="CSP-Token.xml"/>
		<loader-id name="UserManagement" file="CSP-UserManagement.xml"/>
		<loader-id name="RoleManagement" file="CSP-RoleManagement.xml"/>
		<loader-id name="LDAP" file="CSP-LDAP.xml"/>
		<loader-id name="LocalDirectory" file="CSP-LocalDirectory.xml"/>
		<loader-id name="OSLogin" file="CSP-OSLogin.xml"/>
		<loader-id name="PAM" file="CSP-PAM.xml"/>
		<loader-id name="SecurID" file="CSP-SecurID.xml"/>
		<loader-id name="TrustedUser" file="CSP-TrustedUser.xml"/>
		<loader-id name="Logging" file="CSP-Logging.xml"/>
		<loader-id name="CertificateManagement" file="CSP-CertificateManagement.xml"/>
		<loader-id name="CatalogPosix" file="CSP-CatalogPosix.xml"/>
		<loader-id name="CatalogWindows" file="CSP-CatalogWindows.xml"/>
		<loader-id name="CatalogService" file="CSP-CatalogService.xml"/>
		<loader-id name="SprintfFormatter" file="CSP-SprintfFormatter.xml"/>
		<loader-id name="PositionalFormatter" file="CSP-PositionalFormatter.xml"/>
		<loader-id name="LocalizationService" file="CSP-LocalizationService.xml"/>
		<loader-id name="DestinationEventLog" file="CSP-DestinationEventLog.xml"/>
		<loader-id name="DestinationSyslog" file="CSP-DestinationSyslog.xml"/>
		<loader-id name="DestinationODBC" file="CSP-DestinationODBC.xml"/>
		<loader-id name="DestinationFile" file="CSP-DestinationFile.xml"/>
		<loader-id name="DestinationAlert" file="CSP-DestinationAlert.xml"/>
		<loader-id name="LayoutFlat" file="CSP-LayoutFlat.xml"/>
		<loader-id name="LayoutXML" file="CSP-LayoutXML.xml"/>
		<loader-id name="LayoutRaw" file="CSP-LayoutRaw.xml"/>
		<loader-id name="RIAT" file="CSP-RIAT.xml" />
	</classes>
	<services>
		<class-id class="ServiceManager"/>
		<config-service>
			<class-id class="ConfigurationServiceLocal"/>
			<properties>
				<ConfigServiceSettings>
					<url>Config.xml</url>
				</ConfigServiceSettings>
			</properties>
		</config-service>
	</services>
</application>
