<?xml version="1.0" encoding="UTF-8"?>
<loader loader="DestinationFile">
  <catalog language="EN">
    <message code="1" name="maxFileCount" text="The maximum number of log files to store"/>
    <message code="2" name="rotationType" text="The rotation policy to use"/>
    <message code="3" name="rotationAgeValue" text="The age of the file (in days) when it should be rotated (only required for rotation by age)"/>
    <message code="4" name="rotationSizeValue" text="The size of the file (in KB) when it should be rotated (only required for rotation by size)"/>
    <message code="5" name="filePath" text="The directory in which to store the log files"/>
    <message code="6" name="baseFileName" text="The base file name for the log files"/>
    <message code="7" name="useProductName" text="Should the product name be appended to the file name"/>
    <message code="8" name="useProductComponentName" text="Should the product component name be appended to the file name"/>
    <message code="9" name="locale" text="Locale for this destination"/>
    <message code="10" name="layout" text="Layout configuration"/>
    <message code="11" name="sharedWriterEnabled" text="Is this log file shared by multiple processes?"/>
  </catalog>
	<library language="C++" system="Windows">
		<file>CSP-DestinationFile</file>
		<properties/>
	</library>
	<class>
		<class-id class="DestinationFile" version="1"/>
		<description/>
		<schema/>
		<functions language="C++">
			<function name="Create" method="newDestination"/>
			<function name="Delete" method="deleteDestination"/>
			<function name="Options" method="newDestinationOptions"/>
			<function name="Validate" method="validateDestinationOptions"/>
		</functions>
		<interface>
			<interface-id class="Destination" version="1"/>
			<attributes/>
		</interface>
	</class>
</loader>
