<?xml version="1.0" encoding="UTF-8"?>
<loader loader="Token">
	<catalog language="EN">
    <message code="2015" name="Issuer" text="The id of the SAML token issuer"/>
    <message code="2016" name="Audience" text="Comma-separated list of audiences the token is issued for (e.g. domain names)"/>
    <message code="2017" name="AudienceRestriction" text="Comma-separated list of valid audiences"/>
    <message code="2018" name="IssuerRestriction" text="Comma-separated list of valid token issuers"/>
    <message code="2019" name="InclusiveNamespacePrefixList" text="c14a inclusive namespace prefix list"/>
    <message code="2020" name="CertChainLength" text="Number of certificates to include into the token signature. 0 or less: include the entire chain; 1: only signing cert; 2 or greater: the actual # of certs in the chain"/>
    <message code="2021" name="IncludeTrustedRootCertificate" text="Indicates whether or not to include trusted root certificate into the token signature"/>
    <message code="2022" name="TimeToLive" text="How many seconds a token is valid for"/>
    <message code="2023" name="URL" text="Uniform resource locator of the remote secure token server"/>
    <message code="2024" name="PortNumber" text="Port number of the remote secure token server"/>
    <message code="2025" name="TimeSyncTolerance" text="The maximum time difference (in milliseconds) between the secure token client (CST) and a remote secure token server"/>
  </catalog>
	<library language="C++" system="Windows">
		<file>CSP-TokenService</file>
		<properties/>
	</library>
	<class>
		<class-id class="CSPToken" version="1"/>
		<description/>
		<schema/>
		<functions language="C++">
			<function name="Create" method="newToken"/>
			<function name="Delete" method="deleteToken"/>
		</functions>
		<interface>
			<interface-id class="Token" version="1"/>
			<attributes/>
		</interface>
	</class>
	<class>
		<class-id class="TokenService" version="1"/>
		<description/>
		<schema/>
		<functions language="C++">
			<function name="Create" method="newTokenService"/>
			<function name="Delete" method="deleteTokenService"/>
			<function name="Options" method="newTokenServiceOptions"/>
		</functions>
		<interface>
			<interface-id class="TokenService" version="1"/>
			<attributes/>
		</interface>
		<interface>
			<interface-id class="Service" version="1"/>
			<attributes/>
		</interface>
	</class>
</loader>
