<?xml version="1.0" encoding="UTF-8"?>
<loader loader="TrustedUser">
   <library language="C++" system="Windows">
      <file>CSP-TrustedUser</file>
      <properties />
   </library>

   <class>
      <class-id class="TrustedUser" version="1" />
      <description/>
      <schema />
      <functions language="C++">
         <function name="Create"   method="newAuthority" />
         <function name="Delete"   method="deleteAuthority" />
         <function name="Options"  method="newOptions" />
      </functions>
      <interface>
         <interface-id class="Authority" version="1" />
	 <attributes>
	    <attribute name="Type">
	       <value>trusted</value>
	    </attribute>
	 </attributes>
      </interface>
   </class>
</loader>
