<?xml version="1.0" encoding="utf-8"?>
<loader loader="PAM">
    <catalog language="EN">
        <message code="3001"  name="service" text="PAM Application Service"/>
    </catalog>
    <library language="C++" system="Windows">
        <file>CSP-PAMAuth</file>
        <properties />
    </library>
    <class>
        <class-id class="PAM" version="1"/>
        <description/>
        <schema />
        <functions language="C++">
            <function name="Create"   method="newAuthority" />
            <function name="Delete"   method="deleteAuthority" />
            <function name="Options"  method="newOptions" />
        </functions>
        <interface>
            <interface-id class="Authority" version="1"/>
            <attributes>
                <attribute name="Type">
                    <value>password</value>
                    <value>OS</value>
                </attribute>
            </attributes>
        </interface>
    </class>
</loader>
