<?xml version="1.0" encoding="UTF-8"?>
<loader loader="RIAT">

        <catalog language="EN">
                <message code="1700" name="URL" text="The URL of the RIAT STS."/>
                <message code="1701" name="PortNumber" text="The port number on with the RIAT STS is listening."/>
                <message code="1702" name="SPN" text="The service principle name of the RIAT STS."/>
                <message code="1703" name="AuthMethod" text="The authentication method used by this authority."/>
                <message code="1704" name="AuthSuccess" text="Authentication successful."/>
                <message code="1705" name="AuthFailure" text="Authentication failed."/>
                <message code="1706" name="TimeToLive" text="Desired lifetime (in seconds) for the requested security tokens" />
        </catalog>

        <library language="C++" system="Windows">
                <file>CSP-RIAT</file>
                <properties/>
        </library>
        <class>
                <class-id class="RIAT" version="1"/>
                <description/>
                <schema/>
                <functions language="C++">
                        <function name="Create" method="newAuthority"/>
                        <function name="Delete" method="deleteAuthority"/>
                        <function name="Options" method="newOptions"/>
                </functions>
                <interface>
                        <interface-id class="Authority" version="1"/>
                        <attributes>
                                <attribute name="Type">
                                        <value>RIAT_AUTH</value>
        </attribute>
                        </attributes>
                </interface>
        </class>
</loader>

