<?xml version="1.0" encoding="UTF-8"?>
<loader loader="SecurID">
	<catalog language="EN">
		<message code="800" name="FileName" text="Pathname to the directory containing sdconf.rec (empty for default location)"/>
		<message code="801" name="Passcode" text="Enter Passcode"/>
		<message code="802" name="NextTokencode" text="Wait for the tokencode to change, then enter just the new tokencode (no PIN)"/>
		<message code="803" name="NextPasscode" text="Wait for the tokencode to change, then enter the new passcode (PIN+Tokencode)"/>
		<message code="804" name="UserOrSystem" text="You must select a new PIN. Do you want the system to generate your new PIN? (Y/N) [N]"/>
		<message code="805" name="SystemGeneratedPin" text="New PIN mode: the system has generated a new PIN of %s for you."/>
		<message code="806" name="AlphaFixedPin" text="New PIN mode: enter a new PIN of %d alphanumeric characters"/>
		<message code="807" name="AlphaVarPin" text="New PIN mode: enter a new PIN between %d and %d alphanumeric characters long"/>
		<message code="808" name="NumericFixedPin" text="New PIN mode: enter a new PIN of %d digits"/>
		<message code="809" name="NumericVarPin" text="New PIN mode: enter a new PIN between %d and %d digits long"/>
		<message code="810" name="InvalidPin" text="Invalid PIN."/>
		<message code="811" name="CannotInitialize" text="Cannot initialize ACE libraries."/>
		<message code="812" name="CannotConnect" text="Cannot connect to ACE Server."/>
		<message code="813" name="INIT_FAILURE" text="Cannot connect to ACE Server, configuration error or the server may be down"/>
		<message code="814" name="LOCK_FAILURE" text="Failed to lock user record: SD_Lock failed"/>
		<message code="815" name="PIN_FAILURE" text="Failed to generate/apply a new PIN. PIN not changed"/>
		<message code="816" name="PIN_INVALID" text="Could not apply new PIN. PIN not changed"/>
	</catalog>
	<library language="C++" system="Windows">
		<file>CSP-SecurID</file>
		<properties/>
	</library>
	<class>
		<class-id class="SecurID" version="1"/>
		<description/>
		<schema/>
		<functions language="C++">
			<function name="Create" method="newAuthority"/>
			<function name="Delete" method="deleteAuthority"/>
			<function name="Options" method="newOptions"/>
			<function name="Validate" method="validateOptions"/>
		</functions>
		<interface>
			<interface-id class="Authority" version="1"/>
			<attributes>
				<attribute name="Type">
					<value>passcode</value>
					<value>securid</value>
				</attribute>
			</attributes>
		</interface>
	</class>
</loader>
