<?xml version="1.0" encoding="UTF-8"?>
<loader loader="LayoutFlat">
	<library language="C++" system="Windows">
		<file>CSP-LayoutFlat</file>
		<properties/>
	</library>
	<class>
		<class-id class="LayoutFlat" version="1"/>
		<description/>
		<schema/>
		<functions language="C++">
			<function name="Create" method="newLayoutFlat"/>
			<function name="Delete" method="deleteLayoutFlat"/>
			<function name="Options" method="newLayoutFlatOptions"/>
		</functions>
		<interface>
			<interface-id class="Layout" version="1"/>
			<attributes/>
		</interface>
	</class>
</loader>
