<?xml version="1.0" encoding="UTF-8"?>
<loader loader="LayoutRaw">
	<library language="C++" system="Windows">
		<file>CSP-LayoutRaw</file>
		<properties/>
	</library>
	<class>
		<class-id class="LayoutRaw" version="1"/>
		<description/>
		<schema/>
		<functions language="C++">
			<function name="Create" method="newLayoutRaw"/>
			<function name="Delete" method="deleteLayoutRaw"/>
			<function name="Options" method="newLayoutRawOptions"/>
		</functions>
		<interface>
			<interface-id class="Layout" version="1"/>
			<attributes/>
		</interface>
	</class>
</loader>
