<?xml version="1.0" encoding="UTF-8"?>
<loader loader="OSLogin">
	<catalog language="EN">
		<message code="1200" name="DomainEnable" text="Enable domain logins?"/>
		<message code="1201" name="DomainCredential" text="Enter domain name (or '.' for local machine)"/>
	</catalog>
	<library language="C++" system="Windows">
		<file>CSP-OSLogin</file>
		<properties/>
	</library>
	<class>
		<class-id class="OSLogin" version="1"/>
		<description/>
		<schema/>
		<functions language="C++">
			<function name="Create" method="newAuthority"/>
			<function name="Delete" method="deleteAuthority"/>
			<function name="Options" method="newOptions"/>
		</functions>
		<interface>
			<interface-id class="Authority" version="1"/>
			<attributes>
				<attribute name="Type">
					<value>password</value>
					<value>OS</value>
				</attribute>
			</attributes>
		</interface>
	</class>
</loader>