<?xml version="1.0" encoding="UTF-8"?>
<loader loader="DestinationEventLog">
  <catalog language="EN">
		<message code="3000" name="EventLogDestSet" text="EventLogSet"/>
		<message code="3001" name="EventLogDestSetDesc" text="EventLogSet description"/>
		<message code="3002" name="EventLogDestItem" text="EventLogItem"/>
		<message code="3003" name="EventLogDestItemDesc" text="EventLogItem description"/>
		<message code="3004" name="CatalogId" text="CatalogID"/>
		<message code="3005" name="CatalogIdDesc" text="Catalog ID"/>
		<message code="3006" name="EventSource" text="EventSource"/>
		<message code="3007" name="EventSourceDesc" text="Event Source"/>
		<message code="3008" name="DefaultCategory" text="DefaultCategory"/>
		<message code="3009" name="DefaultCategoryDesc" text="Windows Event Log default category"/>
  </catalog>
	<library language="C++" system="Windows">
		<file>CSP-DestinationEventLog</file>
		<properties/>
	</library>
	<class>
		<class-id class="DestinationEventLog" version="1"/>
		<description/>
		<schema/>
		<functions language="C++">
			<function name="Create" method="newDestination"/>
			<function name="Delete" method="deleteDestination"/>
			<function name="Options" method="newDestinationOptions"/>
			<function name="Validate" method="validateDestinationOptions"/>
		</functions>
		<interface>
			<interface-id class="Destination" version="1"/>
			<attributes/>
		</interface>
	</class>
</loader>
