<?xml version="1.0" encoding="UTF-8"?>
<loader loader="CSP">
        <catalog language="EN">
                <message code="1" name="CSP_E_BAD_ALLOC" text="A memory allocation error occurred"/>
                <message code="2" name="CSP_E_BAD_VERS" text="A component has an invalid version number"/>
                <message code="3" name="CSP_E_IO_ERROR" text="An unspecified IO error has occurred in the library core"/>
                <message code="4" name="CSP_E_NULL_PTR" text="A NULL pointer was encountered during the operation"/>
                <message code="5" name="CSP_E_CLASS_CAST" text="Cast conversion failed"/>
                <message code="6" name="CSP_E_INVALID_ARG" text="The arguments specified in the operation were invalid"/>
                <message code="7" name="CSP_E_NOT_SUPPORTED" text="The requested operation is either not supported or is not implemented"/>
                <message code="8" name="CSP_E_SYS_ERROR" text="An unspecified system error has occurred in the library core"/>
                <message code="9" name="CSP_E_FILE_READ" text="Could not open file for read"/>
                <message code="10" name="CSP_E_LOCK_INIT" text="Could not initialize mutex"/>
                <message code="11" name="CSP_E_LOCK_FAILED" text="Could not lock mutex"/>
                <message code="12" name="CSP_E_UNLOCK_FAILED" text="Could not unlock mutex"/>
                <message code="13" name="CSP_E_NULL_XML" text="XML node is NULL"/>
                <message code="14" name="CSP_E_NO_ROOT_XML" text="No root node found"/>
                <message code="15" name="CSP_E_MISSING_XML" text="Node is missing"/>
                <message code="16" name="CSP_E_NO_CHILD_XML" text="Child xml node not found"/>
                <message code="17" name="CSP_ADD_XML_FAILED" text="Failed to add XML node"/>
                <message code="18" name="CSP_E_XML_MEM_ERR" text="Error reading XML memory"/>
                <message code="19" name="CSP_E_PARSE_XML" text="Failed to parse XML"/>
                <message code="20" name="CSP_E_INVALID_FILE" text="Invalid file name"/>
                <message code="21" name="CSP_E_INIT_FAILED" text="Failed to initialize component"/>
                <message code="22" name="CSP_E_LOAD_FAILED" text="Failed to load component"/>
                <message code="23" name="CSP_E_INVALID_HANDLE" text="Invalid Handle"/>
                <message code="24" name="CSP_E_UNEXPECTED_CASE" text="Unexpected case in a switch statement"/>
                <message code="25" name="CSP_E_UNKNOWN_ERROR" text="Unknown error from underlying code"/>
                <message code="26" name="CSP_E_NEGATIVE_STRING" text="The size of the string is negative"/>
                <message code="27" name="CSP_E_ENCODE" text="Error converting object to string"/>
                <message code="28" name="CSP_E_DECODE" text="Error converting string to object"/>
                <message code="29" name="CSP_E_XBPDU_ERROR" text="Failed to create unmarshaller"/>
                <message code="30" name="CSP_E_KEY_EXISTS" text="Key already exists"/>
                <message code="31" name="CSP_E_INIT_PERSIST" text="Failed to create persistence manager"/>
                <message code="32" name="CSP_E_NO_CONSTRUCTOR" text="Could not find constructor for class"/>
                <message code="33" name="CSP_E_FACTORY_FAILED" text="Factory method returned NULL"/>
                <message code="34" name="CSP_E_NO_INTERFACE" text="Could not find interface for class"/>
                <message code="35" name="CSP_E_NO_MANAGER" text="Could not load service manager"/>
                <message code="36" name="CSP_E_NO_CLASS_FOUND" text="Could not find class in list"/>
                <message code="37" name="CSP_E_NO_LOADER_FOUND" text="Could not find class loader"/>
                <message code="38" name="CSP_E_NO_LIBRARY_FOUND" text="Could not find the named shared library"/>
                <message code="39" name="CSP_E_LOAD_LIBRARY" text="Failed to load shared library"/>
                <message code="40" name="CSP_E_LOAD_CLASS" text="Failed to load class from library"/>
                <message code="41" name="CSP_E_SERVICE_FOUND" text="Could not find the requested service"/>
                <message code="42" name="CSP_E_SETTING_FOUND" text="Could not find the requested setting"/>
                <message code="43" name="CSP_E_BAD_SETTING" text="Unknown option settings type"/>
                <message code="44" name="CSP_E_ACCESS_DENIED" text="Access is denied"/>
                <message code="45" name="UserNameCredential" text="Enter User Name"/>
                <message code="46" name="PasswordCredential" text="Enter Password"/>
                <message code="47" name="DomainCredential" text="Enter Domain"/>
                <message code="48" name="AuthMethod" text="Enter RIAT authentication method (USR_PWD|USR_PWD_CERT|CERT|SSPI)" />
                <message code="49" name="CertPurposeCredential" text="Enter purpose of the RIAT Authentication certificate" />
        </catalog>
        <library language="C++" system="Windows">
                <file>CSP</file>
                <properties>
      </properties>
        </library>
</loader>
