<?xml version="1.0" ?>
<DefinedRoles>
  <Role Name="administrator" Description="User will have access to all administrative and management interfaces and data.">
    <Enum Value="0"/>
  </Role>
  <Role Name="manager" Description="User will be able to see all storage system data and perform all storage management operations.">
    <Enum Value="1"/>
  </Role>
  <Role Name="monitor" Description="User will be able to see all storage system data, but not perform any operations.">
    <Enum Value="2"/>
  </Role>
  <Role Name="securityadministrator" Description="User will only be able to perform security tasks. They will not be able to see storage data.">
    <Enum Value="4"/>
  </Role>
  <Role Name="vmadmin" Description="VM Admin">
    <Enum Value="5"/>
  </Role>
   <Role Name="vmuser" Description="VM User">
    <Enum Value="6"/>
  </Role>
</DefinedRoles>
