<Authorization vendor="EMC Corporation" nameSpace="root/emc">
  <Object Name="CIM_Indication">
    <Role name="monitor"/>
  </Object>
  
  <Object Name="CIM_ProcessIndication">
    <Role name="monitor"/>
  </Object>
  
  <Object Name="CIM_AlertIndication">
    <Role name="monitor"/>
  </Object>
  
  <Object Name="EMC_AlertIndication">
    <Role name="monitor"/>
  </Object>
  
  <Object Name="OSLS_AlertIndication">
    <Role name="monitor"/>
  </Object>
  
  <Object Name="CIM_ManagedElement">
    <Role name="monitor"/>
  </Object>
  
  <Object Name="CIM_IndicationFilter">
    <Role name="monitor"/>
  </Object>
  
  <Object Name="EMC_IndicationFilter">
    <Role name="monitor"/>
  </Object>
  
  <Object Name="OSLS_IndicationFilter">
    <Role name="monitor"/>
  </Object>
  
  <Object Name="CIM_ListenerDestination">
    <Role name="monitor"/>
  </Object>
  
  <Object Name="CIM_AbstractIndicationSubscription">
    <Role name="monitor"/>
  </Object>
  
  <Object Name="CIM_IndicationSubscription">
    <Role name="monitor"/>
  </Object>
  
  <Object Name="EMC_IndicationSubscription">
    <Role name="monitor"/>
  </Object>
  
  <Object Name="OSLS_IndicationSubscription">
    <Role name="monitor"/>
  </Object>
  
  <Object Name="CIM_InstIndication">
    <Role name="monitor"/>
  </Object>
  
  <Object Name="CIM_InstCreation">
    <Role name="monitor"/>
  </Object>
  
  <Object Name="EMC_InstCreation">
    <Role name="monitor"/>
  </Object>
  
  <Object Name="OSLS_InstCreation">
    <Role name="monitor"/>
  </Object>
  
  <Object Name="CIM_InstDeletion">
    <Role name="monitor"/>
  </Object>
  
  <Object Name="EMC_InstDeletion">
    <Role name="monitor"/>
  </Object>
  
  <Object Name="OSLS_InstDeletion">
    <Role name="monitor"/>
  </Object>
  
  <Object Name="CIM_InstModification">
    <Role name="monitor"/>
  </Object>
  
  <Object Name="EMC_InstModification">
    <Role name="monitor"/>
  </Object>
  
  <Object Name="OSLS_InstModification">
    <Role name="monitor"/>
  </Object>
  
  <Object Name="EMC_JobCompletion">
    <Role name="monitor"/>
  </Object>
  
  <Object Name="OSLS_JobCompletion">
    <Role name="monitor"/>
  </Object>
  
  <Object Name="EMC_JobInstCreation">
    <Role name="monitor"/>
  </Object>
  
  <Object Name="OSLS_JobInstCreation">
    <Role name="monitor"/>
  </Object>
  
  <Object Name="EMC_JobInstDeletion">
    <Role name="monitor"/>
  </Object>
  
  <Object Name="OSLS_JobInstDeletion">
    <Role name="monitor"/>
  </Object>
  
  <Object Name="EMC_JobInstModification">
    <Role name="monitor"/>
  </Object>
  
  <Object Name="OSLS_JobInstModification">
    <Role name="monitor"/>
  </Object>
  
  <Object Name="EMC_ListenerDestination">
    <Role name="monitor"/>
  </Object>
  
  <Object Name="OSLS_ListenerDestination">
    <Role name="monitor"/>
  </Object>
  
  <Object Name="EMC_Log">
    <Role name="monitor"/>
  </Object>
  
  <Object Name="OSLS_LogControl">
    <Role name="monitor"/>
  </Object>
  
  <Object Name="EMC_Base">
    <Role name="monitor"/>
  </Object>
  
  <Object Name="XMLReader_Dummy">
    <Role name="monitor"/>
  </Object>
  
</Authorization>
