<?xml version="1.0" encoding="UTF-8" standalone="no" ?>
<ConfigData>
<Config>
<Property>EMCCollectionTimeDir</Property>
<RangeFrom>1</RangeFrom>
<RangeTo>10</RangeTo>
<Latency>5</Latency>
<ElementType>3</ElementType>
<Counter>yes</Counter>
<InitialValue>100000</InitialValue>
<MaxValue>100000</MaxValue>
</Config>
<Config>
<Property>StatisticTime</Property>
<RangeFrom>1</RangeFrom>
<RangeTo>100</RangeTo>
<Latency>5</Latency>
<ElementType>3</ElementType>
<Counter>yes</Counter>
<InitialValue>9</InitialValue>
<MaxValue>10</MaxValue>
</Config>
<Config>
<Property>EMCIdleTimeDir</Property>
<RangeFrom>1</RangeFrom>
<RangeTo>10</RangeTo>
<Latency>5</Latency>
<ElementType>3</ElementType>
<Counter>yes</Counter>
<InitialValue>100000</InitialValue>
<MaxValue>100000</MaxValue>
</Config>
<Config>
<Property>TotalIOs</Property>
<RangeFrom>1</RangeFrom>
<RangeTo>10</RangeTo>
<Latency>5</Latency>
<ElementType>8</ElementType>
<Counter>yes</Counter>
<InitialValue>100000</InitialValue>
<MaxValue>100000</MaxValue>
</Config>
<Config>
<Property>ReadIOs</Property>
<RangeFrom>5</RangeFrom>
<RangeTo>20</RangeTo>
<Latency>5</Latency>
<ElementType>8</ElementType>
<Counter>yes</Counter>
<InitialValue>1021</InitialValue>
<MaxValue>100000</MaxValue>
</Config>
<Config>
<Property>WriteIOs</Property>
<RangeFrom>3</RangeFrom>
<RangeTo>10</RangeTo>
<Latency>5</Latency>
<ElementType>8</ElementType>
<Counter>yes</Counter>
<InitialValue>1092</InitialValue>
<MaxValue>100000</MaxValue>
</Config>
<Config>
<Property>KBytesWritten</Property>
<RangeFrom>24</RangeFrom>
<RangeTo>30</RangeTo>
<Latency>5</Latency>
<ElementType>8</ElementType>
<Counter>yes</Counter>
<InitialValue>1504</InitialValue>
<MaxValue>100000</MaxValue>
</Config>
<Config>
<Property>KBytesRead</Property>
<RangeFrom>30</RangeFrom>
<RangeTo>35</RangeTo>
<Latency>5</Latency>
<ElementType>8</ElementType>
<Counter>yes</Counter>
<InitialValue>1810</InitialValue>
<MaxValue>100000</MaxValue>
</Config>
<Config>
<Property>IdleTimeCounter</Property>
<RangeFrom>35</RangeFrom>
<RangeTo>40</RangeTo>
<Latency>5</Latency>
<ElementType>8</ElementType>
<Counter>yes</Counter>
<InitialValue>1144</InitialValue>
<MaxValue>100000</MaxValue>
</Config>
<Config>
<Property>KBytesTransferred</Property>
<RangeFrom>15</RangeFrom>
<RangeTo>2000</RangeTo>
<Latency>5</Latency>
<ElementType>8</ElementType>
<Counter>yes</Counter>
<InitialValue>1728</InitialValue>
<MaxValue>100000</MaxValue>
</Config>
<Config>
<Property>IOTimeCounter</Property>
<RangeFrom>40</RangeFrom>
<RangeTo>45</RangeTo>
<Latency>5</Latency>
<ElementType>8</ElementType>
<Counter>yes</Counter>
<InitialValue>1256</InitialValue>
<MaxValue>100000</MaxValue>
</Config>
<Config>
<Property>EMCQueueArrivals</Property>
<RangeFrom>15</RangeFrom>
<RangeTo>20</RangeTo>
<Latency>5</Latency>
<ElementType>8</ElementType>
<Counter>yes</Counter>
<InitialValue>1893</InitialValue>
<MaxValue>100000</MaxValue>
</Config>
<Config>
<Property>EMCQueueLength</Property>
<RangeFrom>20</RangeFrom>
<RangeTo>25</RangeTo>
<Latency>5</Latency>
<ElementType>8</ElementType>
<Counter>yes</Counter>
<InitialValue>1432</InitialValue>
<MaxValue>100000</MaxValue>
</Config>
<Config>
<Property>EMCSampledReadsTime</Property>
<RangeFrom>10</RangeFrom>
<RangeTo>15</RangeTo>
<Latency>5</Latency>
<ElementType>8</ElementType>
<Counter>yes</Counter>
<InitialValue>2345</InitialValue>
<MaxValue>100000</MaxValue>
</Config>
<Config>
<Property>EMCSampledWritesTime</Property>
<RangeFrom>1</RangeFrom>
<RangeTo>5</RangeTo>
<Latency>5</Latency>
<ElementType>8</ElementType>
<Counter>yes</Counter>
<InitialValue>2547</InitialValue>
<MaxValue>100000</MaxValue>
</Config>
<Config>
<Property>EMCSequentialReadIOs</Property>
<RangeFrom>35</RangeFrom>
<RangeTo>40</RangeTo>
<Latency>5</Latency>
<ElementType>8</ElementType>
<Counter>yes</Counter>
<InitialValue>1987</InitialValue>
<MaxValue>100000</MaxValue>
</Config>
<Config>
<Property>EMCSampledReads</Property>
<RangeFrom>15</RangeFrom>
<RangeTo>30</RangeTo>
<Latency>5</Latency>
<ElementType>8</ElementType>
<Counter>yes</Counter>
<InitialValue>196</InitialValue>
<MaxValue>100000</MaxValue>
</Config>
<Config>
<Property>EMCSampledWrites</Property>
<RangeFrom>37</RangeFrom>
<RangeTo>49</RangeTo>
<Latency>5</Latency>
<ElementType>8</ElementType>
<Counter>yes</Counter>
<InitialValue>191</InitialValue>
<MaxValue>100000</MaxValue>
</Config>
<Config>
<Property>ReadIOs</Property>
<RangeFrom>5</RangeFrom>
<RangeTo>10</RangeTo>
<Latency>5</Latency>
<ElementType>3</ElementType>
<Counter>yes</Counter>
<InitialValue>1032</InitialValue>
<MaxValue>100000</MaxValue>
</Config>
<Config>
<Property>WriteIOs</Property>
<RangeFrom>10</RangeFrom>
<RangeTo>15</RangeTo>
<Latency>5</Latency>
<ElementType>3</ElementType>
<Counter>yes</Counter>
<InitialValue>1243</InitialValue>
<MaxValue>100000</MaxValue>
</Config>
<Config>
<Property>KBytesWritten</Property>
<RangeFrom>25</RangeFrom>
<RangeTo>30</RangeTo>
<Latency>5</Latency>
<ElementType>3</ElementType>
<Counter>yes</Counter>
<InitialValue>1090</InitialValue>
<MaxValue>100000</MaxValue>
</Config>
<Config>
<Property>KBytesRead</Property>
<RangeFrom>30</RangeFrom>
<RangeTo>35</RangeTo>
<Latency>5</Latency>
<ElementType>3</ElementType>
<Counter>yes</Counter>
<InitialValue>1840</InitialValue>
<MaxValue>100000</MaxValue>
</Config>
<Config>
<Property>IdleTimeCounter</Property>
<RangeFrom>35</RangeFrom>
<RangeTo>40</RangeTo>
<Latency>5</Latency>
<ElementType>3</ElementType>
<Counter>yes</Counter>
<InitialValue>1045</InitialValue>
<MaxValue>100000</MaxValue>
</Config>
<Config>
<Property>IOTimeCounter</Property>
<RangeFrom>40</RangeFrom>
<RangeTo>45</RangeTo>
<Latency>5</Latency>
<ElementType>3</ElementType>
<Counter>yes</Counter>
<InitialValue>2743</InitialValue>
<MaxValue>100000</MaxValue>
</Config>
<Config>
<Property>EMCQueueArrivals</Property>
<RangeFrom>45</RangeFrom>
<RangeTo>50</RangeTo>
<Latency>5</Latency>
<ElementType>3</ElementType>
<Counter>yes</Counter>
<InitialValue>1924</InitialValue>
<MaxValue>100000</MaxValue>
</Config>
<Config>
<Property>EMCQueueLength</Property>
<RangeFrom>50</RangeFrom>
<RangeTo>55</RangeTo>
<Latency>5</Latency>
<ElementType>3</ElementType>
<Counter>yes</Counter>
<InitialValue>1847</InitialValue>
<MaxValue>100000</MaxValue>
</Config>
<Config>
<Property>TotalIOs</Property>
<RangeFrom>1</RangeFrom>
<RangeTo>2</RangeTo>
<Latency>5</Latency>
<ElementType>3</ElementType>
<Counter>yes</Counter>
<InitialValue>15</InitialValue>
<MaxValue>100</MaxValue>
</Config>
<Config>
<Property>EMCPctDirtyPages</Property>
<RangeFrom>20</RangeFrom>
<RangeTo>25</RangeTo>
<Latency>5</Latency>
<ElementType>3</ElementType>
<Counter>no</Counter>
</Config>
<Config>
<Property>EMCSlotCollisions</Property>
<RangeFrom>20</RangeFrom>
<RangeTo>25</RangeTo>
<Latency>5</Latency>
<ElementType>3</ElementType>
<Counter>yes</Counter>
<InitialValue>2543</InitialValue>
<MaxValue>100000</MaxValue>
</Config>
<Config>
<Property>TotalIOs</Property>
<RangeFrom>15</RangeFrom>
<RangeTo>20</RangeTo>
<Latency>5</Latency>
<ElementType>2</ElementType>
<Counter>yes</Counter>
<InitialValue>1045</InitialValue>
<MaxValue>100000</MaxValue>
</Config>
<Config>
<Property>ReadIOs</Property>
<RangeFrom>5</RangeFrom>
<RangeTo>10</RangeTo>
<Latency>5</Latency>
<ElementType>2</ElementType>
<Counter>yes</Counter>
<InitialValue>1032</InitialValue>
<MaxValue>100000</MaxValue>
</Config>
<Config>
<Property>WriteIOs</Property>
<RangeFrom>10</RangeFrom>
<RangeTo>15</RangeTo>
<Latency>5</Latency>
<ElementType>2</ElementType>
<Counter>yes</Counter>
<InitialValue>1746</InitialValue>
<MaxValue>100000</MaxValue>
</Config>
<Config>
<Property>KBytesRead</Property>
<RangeFrom>30</RangeFrom>
<RangeTo>35</RangeTo>
<Latency>5</Latency>
<ElementType>2</ElementType>
<Counter>yes</Counter>
<InitialValue>2983</InitialValue>
<MaxValue>100000</MaxValue>
</Config>
<Config>
<Property>KBytesWritten</Property>
<RangeFrom>25</RangeFrom>
<RangeTo>30</RangeTo>
<Latency>5</Latency>
<ElementType>2</ElementType>
<Counter>yes</Counter>
<InitialValue>2049</InitialValue>
<MaxValue>100000</MaxValue>
</Config>
<Config>
<Property>EMCSequentialReadIOs</Property>
<RangeFrom>35</RangeFrom>
<RangeTo>40</RangeTo>
<Latency>5</Latency>
<ElementType>2</ElementType>
<Counter>yes</Counter>
<InitialValue>1945</InitialValue>
<MaxValue>100000</MaxValue>
</Config>
<Config>
<Property>TotalIOs</Property>
<RangeFrom>3000</RangeFrom>
<RangeTo>9000</RangeTo>
<Latency>5</Latency>
<ElementType>6</ElementType>
<Counter>yes</Counter>
<InitialValue>3000</InitialValue>
<MaxValue>900000</MaxValue>
</Config>
<Config>
<Property>KBytesTransferred</Property>
<RangeFrom>15</RangeFrom>
<RangeTo>2000</RangeTo>
<Latency>5</Latency>
<ElementType>6</ElementType>
<Counter>yes</Counter>
<InitialValue>1728</InitialValue>
<MaxValue>100000</MaxValue>
</Config>
<Config>
<Property>Speed</Property>
<RangeFrom>4</RangeFrom>
<RangeTo>4</RangeTo>
<Latency>5</Latency>
<ElementType>0</ElementType>
<Counter>no</Counter>
<InitialValue>1728</InitialValue>
<MaxValue>100000</MaxValue>
</Config>
<Config>
<Property>BytesReceived</Property>
<RangeFrom>32750</RangeFrom>
<RangeTo>32760</RangeTo>
<Latency>5</Latency>
<ElementType>0</ElementType>
<Counter>yes</Counter>
<InitialValue>0</InitialValue>
<MaxValue>100000</MaxValue>
</Config>
<Config>
<Property>BytesTransmitted</Property>
<RangeFrom>32750</RangeFrom>
<RangeTo>32760</RangeTo>
<Latency>5</Latency>
<ElementType>0</ElementType>
<Counter>yes</Counter>
<InitialValue>0</InitialValue>
<MaxValue>100000</MaxValue>
</Config>
<Config>
<Property>BBCreditZero</Property>
<RangeFrom>0</RangeFrom>
<RangeTo>1</RangeTo>
<Latency>5</Latency>
<ElementType>0</ElementType>
<Counter>yes</Counter>
<InitialValue>0</InitialValue>
<MaxValue>100000</MaxValue>
</Config>
</ConfigData>
