<?xml version="1.0"?>
<NaviProvider>
  <Namespace Value="root/emc/ecom" />
  <Name Value="RepositoryProvider" />
  <ProtocolInterface Value="dll" />
  <ApiMapping Value="Navisphere C++" />
  <Vendor Value="EMC Corporation" />
  <Location Value="RepositoryProvider.dll" />

  <QualifierDefList>
    
    <QualifierDef Name="Dynamic" Type="boolean" IsArray="false">
      <Scope>
        <ScopeValue>class</ScopeValue>
        <ScopeValue>association</ScopeValue>
        <ScopeValue>indication</ScopeValue>
      </Scope>
      <DefaultValue>false</DefaultValue>
    </QualifierDef>
    
    <QualifierDef Name="Provider" Type="string" IsArray="false">
      <Scope>
        <ScopeValue>class</ScopeValue>
        <ScopeValue>association</ScopeValue>
        <ScopeValue>indication</ScopeValue>
      </Scope>
    </QualifierDef>
    
    <QualifierDef Name="Roles" Type="string" IsArray="true">
      <Scope>
        <ScopeValue>class</ScopeValue>
        <ScopeValue>property</ScopeValue>
        <ScopeValue>method</ScopeValue>
        <ScopeValue>parameter</ScopeValue>
      </Scope>
    </QualifierDef>
    
    <QualifierDef Name="Abstract" Type="boolean" IsArray="false">
      <Scope>
        <ScopeValue>class</ScopeValue>
        <ScopeValue>association</ScopeValue>
        <ScopeValue>indication</ScopeValue>
      </Scope>
      <Flavor>
        <FlavorValue>EnableOverride</FlavorValue>
        <FlavorValue>Restricted</FlavorValue>
      </Flavor>
      <DefaultValue>false</DefaultValue>
    </QualifierDef>
    
    <QualifierDef Name="Aggregate" Type="boolean" IsArray="false">
      <Scope>
        <ScopeValue>reference</ScopeValue>
      </Scope>
      <Flavor>
        <FlavorValue>DisableOverride</FlavorValue>
        <FlavorValue>ToSubclass</FlavorValue>
      </Flavor>
      <DefaultValue>false</DefaultValue>
    </QualifierDef>
    
    <QualifierDef Name="Aggregation" Type="boolean" IsArray="false">
      <Scope>
        <ScopeValue>association</ScopeValue>
      </Scope>
      <Flavor>
        <FlavorValue>DisableOverride</FlavorValue>
        <FlavorValue>ToSubclass</FlavorValue>
      </Flavor>
      <DefaultValue>false</DefaultValue>
    </QualifierDef>
    
    <QualifierDef Name="ArrayType" Type="string" IsArray="false">
      <Scope>
        <ScopeValue>property</ScopeValue>
        <ScopeValue>parameter</ScopeValue>
      </Scope>
      <Flavor>
        <FlavorValue>DisableOverride</FlavorValue>
        <FlavorValue>ToSubclass</FlavorValue>
      </Flavor>
      <DefaultValue>Bag</DefaultValue>
    </QualifierDef>
    
    <QualifierDef Name="Association" Type="boolean" IsArray="false">
      <Scope>
        <ScopeValue>association</ScopeValue>
      </Scope>
      <Flavor>
        <FlavorValue>DisableOverride</FlavorValue>
        <FlavorValue>ToSubclass</FlavorValue>
      </Flavor>
      <DefaultValue>false</DefaultValue>
    </QualifierDef>
    
    <QualifierDef Name="BitMap" Type="string" IsArray="true">
      <Scope>
        <ScopeValue>property</ScopeValue>
        <ScopeValue>method</ScopeValue>
        <ScopeValue>parameter</ScopeValue>
      </Scope>
    </QualifierDef>
    
    <QualifierDef Name="BitValues" Type="string" IsArray="true">
      <Scope>
        <ScopeValue>property</ScopeValue>
        <ScopeValue>method</ScopeValue>
        <ScopeValue>parameter</ScopeValue>
      </Scope>
      <Flavor>
        <FlavorValue>EnableOverride</FlavorValue>
        <FlavorValue>ToSubclass</FlavorValue>
        <FlavorValue>Translatable</FlavorValue>
      </Flavor>
    </QualifierDef>
    
    <QualifierDef Name="ClassConstraint" Type="string" IsArray="true">
      <Scope>
        <ScopeValue>class</ScopeValue>
        <ScopeValue>association</ScopeValue>
        <ScopeValue>indication</ScopeValue>
      </Scope>
    </QualifierDef>
    
    <QualifierDef Name="Composition" Type="boolean" IsArray="false">
      <Scope>
        <ScopeValue>association</ScopeValue>
      </Scope>
      <Flavor>
        <FlavorValue>DisableOverride</FlavorValue>
        <FlavorValue>ToSubclass</FlavorValue>
      </Flavor>
      <DefaultValue>false</DefaultValue>
    </QualifierDef>
    
    <QualifierDef Name="Counter" Type="boolean" IsArray="false">
      <Scope>
        <ScopeValue>property</ScopeValue>
        <ScopeValue>method</ScopeValue>
        <ScopeValue>parameter</ScopeValue>
      </Scope>
      <DefaultValue>false</DefaultValue>
    </QualifierDef>
    
    <QualifierDef Name="Deprecated" Type="string" IsArray="true">
      <Scope>
        <ScopeValue>any</ScopeValue>
      </Scope>
      <Flavor>
        <FlavorValue>EnableOverride</FlavorValue>
        <FlavorValue>Restricted</FlavorValue>
      </Flavor>
    </QualifierDef>
    
    <QualifierDef Name="Description" Type="string" IsArray="false">
      <Scope>
        <ScopeValue>any</ScopeValue>
      </Scope>
      <Flavor>
        <FlavorValue>EnableOverride</FlavorValue>
        <FlavorValue>ToSubclass</FlavorValue>
        <FlavorValue>Translatable</FlavorValue>
      </Flavor>
    </QualifierDef>
    
    <QualifierDef Name="DisplayName" Type="string" IsArray="false">
      <Scope>
        <ScopeValue>any</ScopeValue>
      </Scope>
      <Flavor>
        <FlavorValue>EnableOverride</FlavorValue>
        <FlavorValue>ToSubclass</FlavorValue>
        <FlavorValue>Translatable</FlavorValue>
      </Flavor>
    </QualifierDef>
    
    <QualifierDef Name="DN" Type="boolean" IsArray="false">
      <Scope>
        <ScopeValue>property</ScopeValue>
        <ScopeValue>method</ScopeValue>
        <ScopeValue>parameter</ScopeValue>
      </Scope>
      <Flavor>
        <FlavorValue>DisableOverride</FlavorValue>
        <FlavorValue>ToSubclass</FlavorValue>
      </Flavor>
      <DefaultValue>false</DefaultValue>
    </QualifierDef>
    
    <QualifierDef Name="EmbeddedInstance" Type="string" IsArray="false">
      <Scope>
        <ScopeValue>property</ScopeValue>
        <ScopeValue>method</ScopeValue>
        <ScopeValue>parameter</ScopeValue>
      </Scope>
    </QualifierDef>
    
    <QualifierDef Name="EmbeddedObject" Type="boolean" IsArray="false">
      <Scope>
        <ScopeValue>property</ScopeValue>
        <ScopeValue>method</ScopeValue>
        <ScopeValue>parameter</ScopeValue>
      </Scope>
      <Flavor>
        <FlavorValue>DisableOverride</FlavorValue>
        <FlavorValue>ToSubclass</FlavorValue>
      </Flavor>
      <DefaultValue>false</DefaultValue>
    </QualifierDef>
    
    <QualifierDef Name="EMC_Base" Type="boolean" IsArray="false">
      <Scope>
        <ScopeValue>class</ScopeValue>
        <ScopeValue>association</ScopeValue>
      </Scope>
    </QualifierDef>
    
    <QualifierDef Name="EMC_ClassPairs" Type="string" IsArray="true">
      <Scope>
        <ScopeValue>association</ScopeValue>
      </Scope>
    </QualifierDef>
    
    <QualifierDef Name="EMC_CompatibleCIMVersions" Type="string" IsArray="true">
      <Scope>
        <ScopeValue>class</ScopeValue>
        <ScopeValue>association</ScopeValue>
        <ScopeValue>indication</ScopeValue>
      </Scope>
    </QualifierDef>
    
    <QualifierDef Name="EMC_CompatibleEMCVersions" Type="string" IsArray="true">
      <Scope>
        <ScopeValue>class</ScopeValue>
        <ScopeValue>association</ScopeValue>
        <ScopeValue>indication</ScopeValue>
      </Scope>
    </QualifierDef>
    
    <QualifierDef Name="EMC_Create" Type="boolean" IsArray="false">
      <Scope>
        <ScopeValue>class</ScopeValue>
        <ScopeValue>association</ScopeValue>
      </Scope>
    </QualifierDef>
    
    <QualifierDef Name="EMC_CtorArgNames" Type="string" IsArray="true">
      <Scope>
        <ScopeValue>class</ScopeValue>
        <ScopeValue>association</ScopeValue>
        <ScopeValue>property</ScopeValue>
      </Scope>
    </QualifierDef>
    
    <QualifierDef Name="EMC_CtorArgTypes" Type="string" IsArray="true">
      <Scope>
        <ScopeValue>class</ScopeValue>
        <ScopeValue>association</ScopeValue>
      </Scope>
    </QualifierDef>
    
    <QualifierDef Name="EMC_Delete" Type="boolean" IsArray="false">
      <Scope>
        <ScopeValue>class</ScopeValue>
        <ScopeValue>association</ScopeValue>
      </Scope>
    </QualifierDef>
    
    <QualifierDef Name="EMC_External" Type="boolean" IsArray="false">
      <Scope>
        <ScopeValue>reference</ScopeValue>
      </Scope>
      <Flavor>
        <FlavorValue>Disableoverride</FlavorValue>
      </Flavor>
      <DefaultValue>false</DefaultValue>
    </QualifierDef>
    
    <QualifierDef Name="EMC_GenerateSubClasses" Type="string" IsArray="true">
      <Scope>
        <ScopeValue>class</ScopeValue>
      </Scope>
    </QualifierDef>
    
    <QualifierDef Name="EMC_IfAssociationSubClasses" Type="string" IsArray="true">
      <Scope>
        <ScopeValue>association</ScopeValue>
        <ScopeValue>property</ScopeValue>
        <ScopeValue>method</ScopeValue>
      </Scope>
    </QualifierDef>
    
    <QualifierDef Name="EMC_IfCIMVersion" Type="string" IsArray="true">
      <Scope>
        <ScopeValue>property</ScopeValue>
        <ScopeValue>association</ScopeValue>
        <ScopeValue>method</ScopeValue>
        <ScopeValue>class</ScopeValue>
      </Scope>
    </QualifierDef>
    
    <QualifierDef Name="EMC_IfEMCVersion" Type="string" IsArray="true">
      <Scope>
        <ScopeValue>property</ScopeValue>
        <ScopeValue>association</ScopeValue>
        <ScopeValue>method</ScopeValue>
        <ScopeValue>class</ScopeValue>
      </Scope>
    </QualifierDef>
    
    <QualifierDef Name="EMC_IfSubClasses" Type="string" IsArray="true">
      <Scope>
        <ScopeValue>class</ScopeValue>
        <ScopeValue>property</ScopeValue>
        <ScopeValue>method</ScopeValue>
      </Scope>
    </QualifierDef>
    
    <QualifierDef Name="EMC_IsCreationClassName" Type="boolean" IsArray="false">
      <Scope>
        <ScopeValue>class</ScopeValue>
        <ScopeValue>association</ScopeValue>
      </Scope>
      <Flavor>
        <FlavorValue>Disableoverride</FlavorValue>
      </Flavor>
      <DefaultValue>false</DefaultValue>
    </QualifierDef>
    
    <QualifierDef Name="EMC_IsLeaf" Type="boolean" IsArray="false">
      <Scope>
        <ScopeValue>class</ScopeValue>
        <ScopeValue>association</ScopeValue>
      </Scope>
    </QualifierDef>
    
    <QualifierDef Name="EMC_Merge" Type="boolean" IsArray="false">
      <Scope>
        <ScopeValue>class</ScopeValue>
        <ScopeValue>association</ScopeValue>
        <ScopeValue>property</ScopeValue>
        <ScopeValue>method</ScopeValue>
      </Scope>
    </QualifierDef>
    
    <QualifierDef Name="EMC_ObjectInstance" Type="string" IsArray="false">
      <Scope>
        <ScopeValue>property</ScopeValue>
      </Scope>
    </QualifierDef>
    
    <QualifierDef Name="EMC_ObjectRef" Type="string" IsArray="false">
      <Scope>
        <ScopeValue>parameter</ScopeValue>
      </Scope>
    </QualifierDef>
    
    <QualifierDef Name="EMC_PlatformVersion" Type="string" IsArray="false">
      <Scope>
        <ScopeValue>class</ScopeValue>
        <ScopeValue>association</ScopeValue>
        <ScopeValue>indication</ScopeValue>
      </Scope>
    </QualifierDef>
    
    <QualifierDef Name="EMC_PrivateSubClassesOnly" Type="boolean" IsArray="false">
      <Scope>
        <ScopeValue>class</ScopeValue>
        <ScopeValue>association</ScopeValue>
      </Scope>
      <Flavor>
        <FlavorValue>Disableoverride</FlavorValue>
      </Flavor>
      <DefaultValue>false</DefaultValue>
    </QualifierDef>
    
    <QualifierDef Name="EMC_ReferencePropertyNames" Type="string" IsArray="true">
      <Scope>
        <ScopeValue>association</ScopeValue>
      </Scope>
    </QualifierDef>
    
    <QualifierDef Name="EMC_Roles" Type="string" IsArray="true">
      <Scope>
        <ScopeValue>class</ScopeValue>
        <ScopeValue>property</ScopeValue>
        <ScopeValue>method</ScopeValue>
        <ScopeValue>parameter</ScopeValue>
      </Scope>
    </QualifierDef>
    
    <QualifierDef Name="EMC_Version" Type="string" IsArray="false">
      <Scope>
        <ScopeValue>class</ScopeValue>
        <ScopeValue>association</ScopeValue>
        <ScopeValue>indication</ScopeValue>
      </Scope>
    </QualifierDef>
    
    <QualifierDef Name="EMC_Write" Type="boolean" IsArray="false">
      <Scope>
        <ScopeValue>property</ScopeValue>
      </Scope>
    </QualifierDef>
    
    <QualifierDef Name="Exception" Type="boolean" IsArray="false">
      <Scope>
        <ScopeValue>class</ScopeValue>
        <ScopeValue>indication</ScopeValue>
      </Scope>
      <Flavor>
        <FlavorValue>DisableOverride</FlavorValue>
        <FlavorValue>ToSubclass</FlavorValue>
      </Flavor>
      <DefaultValue>false</DefaultValue>
    </QualifierDef>
    
    <QualifierDef Name="Experimental" Type="boolean" IsArray="false">
      <Scope>
        <ScopeValue>any</ScopeValue>
      </Scope>
      <Flavor>
        <FlavorValue>EnableOverride</FlavorValue>
        <FlavorValue>Restricted</FlavorValue>
      </Flavor>
      <DefaultValue>false</DefaultValue>
    </QualifierDef>
    
    <QualifierDef Name="Gauge" Type="boolean" IsArray="false">
      <Scope>
        <ScopeValue>property</ScopeValue>
        <ScopeValue>method</ScopeValue>
        <ScopeValue>parameter</ScopeValue>
      </Scope>
      <DefaultValue>false</DefaultValue>
    </QualifierDef>
    
    <QualifierDef Name="In" Type="boolean" IsArray="false">
      <Scope>
        <ScopeValue>parameter</ScopeValue>
      </Scope>
      <Flavor>
        <FlavorValue>DisableOverride</FlavorValue>
        <FlavorValue>ToSubclass</FlavorValue>
      </Flavor>
      <DefaultValue>true</DefaultValue>
    </QualifierDef>
    
    <QualifierDef Name="Indication" Type="boolean" IsArray="false">
      <Scope>
        <ScopeValue>class</ScopeValue>
        <ScopeValue>indication</ScopeValue>
      </Scope>
      <Flavor>
        <FlavorValue>DisableOverride</FlavorValue>
        <FlavorValue>ToSubclass</FlavorValue>
      </Flavor>
      <DefaultValue>false</DefaultValue>
    </QualifierDef>
    
    <QualifierDef Name="IsPUnit" Type="boolean" IsArray="false">
      <Scope>
        <ScopeValue>property</ScopeValue>
        <ScopeValue>method</ScopeValue>
        <ScopeValue>parameter</ScopeValue>
      </Scope>
      <DefaultValue>false</DefaultValue>
    </QualifierDef>
    
    <QualifierDef Name="Key" Type="boolean" IsArray="false">
      <Scope>
        <ScopeValue>property</ScopeValue>
        <ScopeValue>reference</ScopeValue>
      </Scope>
      <Flavor>
        <FlavorValue>DisableOverride</FlavorValue>
        <FlavorValue>ToSubclass</FlavorValue>
      </Flavor>
      <DefaultValue>false</DefaultValue>
    </QualifierDef>
    
    <QualifierDef Name="MappingStrings" Type="string" IsArray="true">
      <Scope>
        <ScopeValue>any</ScopeValue>
      </Scope>
    </QualifierDef>
    
    <QualifierDef Name="Max" Type="uint32" IsArray="false">
      <Scope>
        <ScopeValue>reference</ScopeValue>
      </Scope>
    </QualifierDef>
    
    <QualifierDef Name="MaxLen" Type="uint32" IsArray="false">
      <Scope>
        <ScopeValue>property</ScopeValue>
        <ScopeValue>method</ScopeValue>
        <ScopeValue>parameter</ScopeValue>
      </Scope>
    </QualifierDef>
    
    <QualifierDef Name="MaxValue" Type="sint64" IsArray="false">
      <Scope>
        <ScopeValue>property</ScopeValue>
        <ScopeValue>method</ScopeValue>
        <ScopeValue>parameter</ScopeValue>
      </Scope>
    </QualifierDef>
    
    <QualifierDef Name="MethodConstraint" Type="string" IsArray="true">
      <Scope>
        <ScopeValue>method</ScopeValue>
      </Scope>
    </QualifierDef>
    
    <QualifierDef Name="Min" Type="uint32" IsArray="false">
      <Scope>
        <ScopeValue>reference</ScopeValue>
      </Scope>
      <DefaultValue>0</DefaultValue>
    </QualifierDef>
    
    <QualifierDef Name="MinLen" Type="uint32" IsArray="false">
      <Scope>
        <ScopeValue>property</ScopeValue>
        <ScopeValue>method</ScopeValue>
        <ScopeValue>parameter</ScopeValue>
      </Scope>
      <DefaultValue>0</DefaultValue>
    </QualifierDef>
    
    <QualifierDef Name="MinValue" Type="sint64" IsArray="false">
      <Scope>
        <ScopeValue>property</ScopeValue>
        <ScopeValue>method</ScopeValue>
        <ScopeValue>parameter</ScopeValue>
      </Scope>
    </QualifierDef>
    
    <QualifierDef Name="ModelCorrespondence" Type="string" IsArray="true">
      <Scope>
        <ScopeValue>any</ScopeValue>
      </Scope>
    </QualifierDef>
    
    <QualifierDef Name="Nonlocal" Type="string" IsArray="false">
      <Scope>
        <ScopeValue>reference</ScopeValue>
      </Scope>
    </QualifierDef>
    
    <QualifierDef Name="NonlocalType" Type="string" IsArray="false">
      <Scope>
        <ScopeValue>reference</ScopeValue>
      </Scope>
    </QualifierDef>
    
    <QualifierDef Name="NullValue" Type="string" IsArray="false">
      <Scope>
        <ScopeValue>property</ScopeValue>
      </Scope>
      <Flavor>
        <FlavorValue>DisableOverride</FlavorValue>
        <FlavorValue>ToSubclass</FlavorValue>
      </Flavor>
    </QualifierDef>
    
    <QualifierDef Name="Octetstring" Type="boolean" IsArray="false">
      <Scope>
        <ScopeValue>property</ScopeValue>
        <ScopeValue>method</ScopeValue>
        <ScopeValue>parameter</ScopeValue>
      </Scope>
      <Flavor>
        <FlavorValue>DisableOverride</FlavorValue>
        <FlavorValue>ToSubclass</FlavorValue>
      </Flavor>
      <DefaultValue>false</DefaultValue>
    </QualifierDef>
    
    <QualifierDef Name="Out" Type="boolean" IsArray="false">
      <Scope>
        <ScopeValue>parameter</ScopeValue>
      </Scope>
      <Flavor>
        <FlavorValue>DisableOverride</FlavorValue>
        <FlavorValue>ToSubclass</FlavorValue>
      </Flavor>
      <DefaultValue>false</DefaultValue>
    </QualifierDef>
    
    <QualifierDef Name="Override" Type="string" IsArray="false">
      <Scope>
        <ScopeValue>property</ScopeValue>
        <ScopeValue>reference</ScopeValue>
        <ScopeValue>method</ScopeValue>
      </Scope>
      <Flavor>
        <FlavorValue>EnableOverride</FlavorValue>
        <FlavorValue>Restricted</FlavorValue>
      </Flavor>
    </QualifierDef>
    
    <QualifierDef Name="Propagated" Type="string" IsArray="false">
      <Scope>
        <ScopeValue>property</ScopeValue>
      </Scope>
      <Flavor>
        <FlavorValue>DisableOverride</FlavorValue>
        <FlavorValue>ToSubclass</FlavorValue>
      </Flavor>
    </QualifierDef>
    
    <QualifierDef Name="PropertyConstraint" Type="string" IsArray="true">
      <Scope>
        <ScopeValue>property</ScopeValue>
        <ScopeValue>reference</ScopeValue>
      </Scope>
    </QualifierDef>
    
    <QualifierDef Name="PUnit" Type="string" IsArray="false">
      <Scope>
        <ScopeValue>property</ScopeValue>
        <ScopeValue>method</ScopeValue>
        <ScopeValue>parameter</ScopeValue>
      </Scope>
    </QualifierDef>
    
    <QualifierDef Name="Read" Type="boolean" IsArray="false">
      <Scope>
        <ScopeValue>property</ScopeValue>
      </Scope>
      <DefaultValue>true</DefaultValue>
    </QualifierDef>
    
    <QualifierDef Name="Required" Type="boolean" IsArray="false">
      <Scope>
        <ScopeValue>property</ScopeValue>
        <ScopeValue>reference</ScopeValue>
        <ScopeValue>method</ScopeValue>
        <ScopeValue>parameter</ScopeValue>
      </Scope>
      <Flavor>
        <FlavorValue>DisableOverride</FlavorValue>
        <FlavorValue>ToSubclass</FlavorValue>
      </Flavor>
      <DefaultValue>false</DefaultValue>
    </QualifierDef>
    
    <QualifierDef Name="Revision" Type="string" IsArray="false">
      <Scope>
        <ScopeValue>class</ScopeValue>
        <ScopeValue>association</ScopeValue>
        <ScopeValue>indication</ScopeValue>
      </Scope>
      <Flavor>
        <FlavorValue>EnableOverride</FlavorValue>
        <FlavorValue>ToSubclass</FlavorValue>
        <FlavorValue>Translatable</FlavorValue>
      </Flavor>
    </QualifierDef>
    
    <QualifierDef Name="Schema" Type="string" IsArray="false">
      <Scope>
        <ScopeValue>property</ScopeValue>
        <ScopeValue>method</ScopeValue>
      </Scope>
      <Flavor>
        <FlavorValue>DisableOverride</FlavorValue>
        <FlavorValue>ToSubclass</FlavorValue>
        <FlavorValue>Translatable</FlavorValue>
      </Flavor>
    </QualifierDef>
    
    <QualifierDef Name="Source" Type="string" IsArray="false">
      <Scope>
        <ScopeValue>class</ScopeValue>
        <ScopeValue>association</ScopeValue>
        <ScopeValue>indication</ScopeValue>
      </Scope>
    </QualifierDef>
    
    <QualifierDef Name="SourceType" Type="string" IsArray="false">
      <Scope>
        <ScopeValue>class</ScopeValue>
        <ScopeValue>association</ScopeValue>
        <ScopeValue>indication</ScopeValue>
        <ScopeValue>reference</ScopeValue>
      </Scope>
    </QualifierDef>
    
    <QualifierDef Name="Static" Type="boolean" IsArray="false">
      <Scope>
        <ScopeValue>property</ScopeValue>
        <ScopeValue>method</ScopeValue>
      </Scope>
      <Flavor>
        <FlavorValue>DisableOverride</FlavorValue>
        <FlavorValue>ToSubclass</FlavorValue>
      </Flavor>
      <DefaultValue>false</DefaultValue>
    </QualifierDef>
    
    <QualifierDef Name="Terminal" Type="boolean" IsArray="false">
      <Scope>
        <ScopeValue>class</ScopeValue>
        <ScopeValue>association</ScopeValue>
        <ScopeValue>indication</ScopeValue>
      </Scope>
      <DefaultValue>false</DefaultValue>
    </QualifierDef>
    
    <QualifierDef Name="UMLPackagePath" Type="string" IsArray="false">
      <Scope>
        <ScopeValue>class</ScopeValue>
        <ScopeValue>association</ScopeValue>
        <ScopeValue>indication</ScopeValue>
      </Scope>
    </QualifierDef>
    
    <QualifierDef Name="Units" Type="string" IsArray="false">
      <Scope>
        <ScopeValue>property</ScopeValue>
        <ScopeValue>method</ScopeValue>
        <ScopeValue>parameter</ScopeValue>
      </Scope>
      <Flavor>
        <FlavorValue>EnableOverride</FlavorValue>
        <FlavorValue>ToSubclass</FlavorValue>
        <FlavorValue>Translatable</FlavorValue>
      </Flavor>
    </QualifierDef>
    
    <QualifierDef Name="ValueMap" Type="string" IsArray="true">
      <Scope>
        <ScopeValue>property</ScopeValue>
        <ScopeValue>method</ScopeValue>
        <ScopeValue>parameter</ScopeValue>
      </Scope>
    </QualifierDef>
    
    <QualifierDef Name="Values" Type="string" IsArray="true">
      <Scope>
        <ScopeValue>property</ScopeValue>
        <ScopeValue>method</ScopeValue>
        <ScopeValue>parameter</ScopeValue>
      </Scope>
      <Flavor>
        <FlavorValue>EnableOverride</FlavorValue>
        <FlavorValue>ToSubclass</FlavorValue>
        <FlavorValue>Translatable</FlavorValue>
      </Flavor>
    </QualifierDef>
    
    <QualifierDef Name="Version" Type="string" IsArray="false">
      <Scope>
        <ScopeValue>class</ScopeValue>
        <ScopeValue>association</ScopeValue>
        <ScopeValue>indication</ScopeValue>
      </Scope>
      <Flavor>
        <FlavorValue>EnableOverride</FlavorValue>
        <FlavorValue>Restricted</FlavorValue>
        <FlavorValue>Translatable</FlavorValue>
      </Flavor>
    </QualifierDef>
    
    <QualifierDef Name="Weak" Type="boolean" IsArray="false">
      <Scope>
        <ScopeValue>reference</ScopeValue>
      </Scope>
      <Flavor>
        <FlavorValue>DisableOverride</FlavorValue>
        <FlavorValue>ToSubclass</FlavorValue>
      </Flavor>
      <DefaultValue>false</DefaultValue>
    </QualifierDef>
    
    <QualifierDef Name="Write" Type="boolean" IsArray="false">
      <Scope>
        <ScopeValue>property</ScopeValue>
      </Scope>
      <DefaultValue>false</DefaultValue>
    </QualifierDef>
    
  </QualifierDefList>
  <ClassList>

    <Class Name="ECOM_Repository">
      <Qualifier name="Description">
        <Value>The ECOM_Repository class contains methods for accessing instances and classes in the ECOM repository.</Value>
      </Qualifier>
      <Qualifier name="Dynamic" />
      <Qualifier name="Provider">
        <Value>RepositoryProvider</Value>
      </Qualifier>
      <Qualifier name="Roles">
        <Value>administrator,manager,monitor</Value>
      </Qualifier>
      <Property Name="serviceID" Type="string">
        <Qualifier name="Description">
          <Value>The unique identifier for ECOM_Repository</Value>
        </Qualifier>
        <Qualifier name="Key" />
      </Property>
      <Method Name="hasInstance" Type="uint32">
        <Qualifier name="Description">
          <Value>Determines if the named instance is present in the repository.</Value>
        </Qualifier>
        <Qualifier name="ValueMap">
          <Value>0</Value>
          <Value>1</Value>
        </Qualifier>
        <Qualifier name="Values">
          <Value>Success</Value>
          <Value>Required input parameter not supplied</Value>
        </Qualifier>
        <Parameter Name="instanceName" Type="REF INaviInstanceName">
          <Qualifier name="In" />
          <Qualifier name="Description">
            <Value>Name of the instance to be searched for in the repository</Value>
          </Qualifier>
        </Parameter>
        <Parameter Name="result" Type="boolean">
          <Qualifier name="In">
            <Value>false</Value>
          </Qualifier>
          <Qualifier name="Out" />
          <Qualifier name="Description">
            <Value>Will be set to true if the instance is present.</Value>
          </Qualifier>
        </Parameter>
      </Method>
      <Method Name="getInstance" Type="uint32">
        <Qualifier name="Description">
          <Value>Retrieves the named instance from the repository. Requires hasInstance() to return true for the named class.</Value>
        </Qualifier>
        <Qualifier name="ValueMap">
          <Value>0</Value>
          <Value>1</Value>
          <Value>2</Value>
        </Qualifier>
        <Qualifier name="Values">
          <Value>Success</Value>
          <Value>Instance not present in repository</Value>
          <Value>Required input parameter not supplied</Value>
        </Qualifier>
        <Parameter Name="instanceName" Type="REF INaviInstanceName">
          <Qualifier name="In" />
          <Qualifier name="Description">
            <Value>Name of the instance to be retrieved from the repository</Value>
          </Qualifier>
        </Parameter>
        <Parameter Name="result" Type="REF INaviObject">
          <Qualifier name="In">
            <Value>false</Value>
          </Qualifier>
          <Qualifier name="Out" />
          <Qualifier name="EmbeddedObject" />
          <Qualifier name="Description">
            <Value>The returned instance</Value>
          </Qualifier>
        </Parameter>
      </Method>
      <Method Name="getInstances" Type="uint32">
        <Qualifier name="Description">
          <Value>Returns all known instances corresponding to the given definition. Requires hasClassDef() to return true for the named class.</Value>
        </Qualifier>
        <Qualifier name="ValueMap">
          <Value>0</Value>
          <Value>1</Value>
          <Value>2</Value>
        </Qualifier>
        <Qualifier name="Values">
          <Value>Success</Value>
          <Value>Class definition not found</Value>
          <Value>Required input parameter not supplied</Value>
        </Qualifier>
        <Parameter Name="namespaceName" Type="string">
          <Qualifier name="In" />
          <Qualifier name="Description">
            <Value>CIM namespace of instances to be returned</Value>
          </Qualifier>
        </Parameter>
        <Parameter Name="className" Type="string">
          <Qualifier name="In" />
          <Qualifier name="Description">
            <Value>Name of class identifying type of instances to be returned</Value>
          </Qualifier>
        </Parameter>
        <Parameter Name="results" Type="REF INaviObject[]">
          <Qualifier name="In">
            <Value>false</Value>
          </Qualifier>
          <Qualifier name="Out" />
          <Qualifier name="EmbeddedObject" />
          <Qualifier name="Description">
            <Value>The returned instances</Value>
          </Qualifier>
        </Parameter>
      </Method>
      <Method Name="addInstance" Type="uint32">
        <Qualifier name="Description">
          <Value>Adds the given instance to the repository. Requires hasInstance() to return false for the named instance.</Value>
        </Qualifier>
        <Qualifier name="ValueMap">
          <Value>0</Value>
          <Value>1</Value>
          <Value>2</Value>
          <Value>3</Value>
        </Qualifier>
        <Qualifier name="Values">
          <Value>Success</Value>
          <Value>Instance already present</Value>
          <Value>Required input parameter not supplied</Value>
          <Value>Maximum instance count exceeded</Value>
        </Qualifier>
        <Parameter Name="inst" Type="REF INaviObject">
          <Qualifier name="In" />
          <Qualifier name="EmbeddedObject" />
          <Qualifier name="Description">
            <Value>Instance to be added to the repository</Value>
          </Qualifier>
        </Parameter>
      </Method>
      <Method Name="removeInstance" Type="uint32">
        <Qualifier name="Description">
          <Value>Removes the named instance from the repository. Requires hasInstance() to return true for the named instance.</Value>
        </Qualifier>
        <Qualifier name="ValueMap">
          <Value>0</Value>
          <Value>1</Value>
          <Value>2</Value>
        </Qualifier>
        <Qualifier name="Values">
          <Value>Success</Value>
          <Value>Instance not found</Value>
          <Value>Required input parameter not supplied</Value>
        </Qualifier>
        <Parameter Name="instanceName" Type="REF INaviInstanceName">
          <Qualifier name="In" />
          <Qualifier name="Description">
            <Value>Name of instance to be removed from the repository</Value>
          </Qualifier>
        </Parameter>
      </Method>
      <Method Name="replaceInstance" Type="uint32">
        <Qualifier name="Description">
          <Value>Replaces the given instance to the repository. Requires hasInstance() to return true for the named instance.</Value>
        </Qualifier>
        <Qualifier name="ValueMap">
          <Value>0</Value>
          <Value>1</Value>
          <Value>2</Value>
        </Qualifier>
        <Qualifier name="Values">
          <Value>Success</Value>
          <Value>Instance not found</Value>
          <Value>Required input parameter not supplied</Value>
        </Qualifier>
        <Parameter Name="inst" Type="REF INaviObject">
          <Qualifier name="In" />
          <Qualifier name="EmbeddedObject" />
          <Qualifier name="Description">
            <Value>Instance which is to replace identically-named instance in the repository.</Value>
          </Qualifier>
        </Parameter>
      </Method>
      <Method Name="dontUseThisPurge" Type="uint32">
        <Qualifier name="Description">
          <Value>USE WITH CAUTION! This deletes the entire in-memory contents of the repository. It does not delete the persistence files. Used for testing purposes only.</Value>
        </Qualifier>
        <Qualifier name="ValueMap">
          <Value>0</Value>
        </Qualifier>
        <Qualifier name="Values">
          <Value>Success</Value>
        </Qualifier>
      </Method>
      <Method Name="dontUseThisDelete" Type="uint32">
        <Qualifier name="Description">
          <Value>USE WITH CAUTION! This deletes all of the persisence files for the repository! It does not delete the in-memory contents of the repository. Used for testing purposes only.</Value>
        </Qualifier>
        <Qualifier name="ValueMap">
          <Value>0</Value>
        </Qualifier>
        <Qualifier name="Values">
          <Value>Success</Value>
        </Qualifier>
      </Method>
      <Method Name="dontUseThisRevert" Type="uint32">
        <Qualifier name="Description">
          <Value>USE WITH CAUTION! This re-reads the in-memory copy of the repository from the persisted copies. Used for testing purposes only.</Value>
        </Qualifier>
        <Qualifier name="ValueMap">
          <Value>0</Value>
        </Qualifier>
        <Qualifier name="Values">
          <Value>Success</Value>
        </Qualifier>
      </Method>
    </Class>

  </ClassList>

</NaviProvider>
