<Authorization vendor="EMC Corporation" nameSpace="interop">
    <Object Name="CIM_ManagedElement">
      <Role Name="administrator"/>
      <Role Name="manager"/>
      <Role Name="monitor"/>
    </Object>
    <Object Name="CIM_ManagedSystemElement">
      <Role Name="administrator"/>
      <Role Name="manager"/>
      <Role Name="monitor"/>
    </Object>
    <Object Name="CIM_LogicalElement">
      <Role Name="administrator"/>
      <Role Name="manager"/>
      <Role Name="monitor"/>
    </Object>
    <Object Name="CIM_EnabledLogicalElement">
      <Role Name="administrator"/>
      <Role Name="manager"/>
      <Role Name="monitor"/>
    </Object>
    <Object Name="CIM_Service">
      <Role Name="administrator"/>
      <Role Name="manager"/>
      <Role Name="monitor"/>
    </Object>
  <Object Name="CIM_Capabilities">
    <Role Name="administrator"/>
    <Role Name="manager"/>
    <Role Name="monitor"/>
  </Object>
  <Object Name="CIM_ElementCapabilities">
    <Role Name="administrator"/>
    <Role Name="manager"/>
    <Role Name="monitor"/>
  </Object>

  <Object Name="CIM_QueryCapabilities">
    <Role Name="administrator"/>
    <Role Name="manager"/>
    <Role Name="monitor"/>
  </Object>
  <Object Name="CIM_WBEMService">
      <Role Name="administrator"/>
      <Role Name="manager"/>
      <Role Name="monitor"/>
    </Object>
    <Object Name="CIM_ServiceAccessPoint">
      <Role Name="administrator"/>
      <Role Name="manager"/>
      <Role Name="monitor"/>
    </Object>
    <Object Name="CIM_System">
      <Role Name="administrator"/>
      <Role Name="manager"/>
      <Role Name="monitor"/>
    </Object>
    <Object Name="CIM_ObjectManager">
      <Role Name="administrator"/>
      <Role Name="manager"/>
      <Role Name="monitor"/>
    </Object>
    <Object Name="CIM_Namespace">
      <Role Name="administrator"/>
      <Role Name="manager"/>
      <Role Name="monitor"/>
    </Object>
    <Object Name="CIM_ObjectManagerCommunicationMechanism">
      <Role Name="administrator"/>
      <Role Name="manager"/>
      <Role Name="monitor"/>
    </Object>
    <Object Name="CIM_CIMXMLCommunicationMechanism">
      <Role Name="administrator"/>
      <Role Name="manager"/>
      <Role Name="monitor"/>
    </Object>
    <Object Name="CIM_RegisteredProfile">
      <Role Name="administrator"/>
      <Role Name="manager"/>
      <Role Name="monitor"/>
    </Object>
  <Object Name="CIM_RegisteredSubProfile">
    <Role Name="administrator"/>
    <Role Name="manager"/>
    <Role Name="monitor"/>
  </Object>

  <Object Name="CIM_SoftwareIdentity">
      <Role Name="administrator"/>
      <Role Name="manager"/>
      <Role Name="monitor"/>
    </Object>
    <Object Name="CIM_Product">
      <Role Name="administrator"/>
      <Role Name="manager"/>
      <Role Name="monitor"/>
    </Object>
    <Object Name="ECOM_SoftwareIdentity">
      <Role Name="administrator"/>
      <Role Name="manager"/>
      <Role Name="monitor"/>
    </Object>
    <Object Name="ECOM_RegisteredProfile">
      <Role Name="administrator"/>
      <Role Name="manager"/>
      <Role Name="monitor"/>
    </Object>
  <Object Name="ECOM_RegisteredSubProfile">
    <Role Name="administrator"/>
    <Role Name="manager"/>
    <Role Name="monitor"/>
  </Object>
  <Object Name="ECOM_CIMXMLCommunicationMechanism">
      <Role Name="administrator"/>
      <Role Name="manager"/>
      <Role Name="monitor"/>
    </Object>
    <Object Name="ECOM_OtherCommunicationMechanism">
      <Role Name="administrator"/>
      <Role Name="manager"/>
      <Role Name="monitor"/>
    </Object>
    <Object Name="ECOM_Namespace">
      <Role Name="administrator"/>
      <Role Name="manager"/>
      <Role Name="monitor"/>
    </Object>
    <Object Name="ECOM_System">
      <Role Name="administrator"/>
      <Role Name="manager"/>
      <Role Name="monitor"/>
    </Object>
    <Object Name="ECOM_ObjectManager">
      <Role Name="administrator"/>
      <Role Name="manager"/>
      <Role Name="monitor"/>
    </Object>
    <Object Name="ECOM_Product">
      <Role Name="administrator"/>
      <Role Name="manager"/>
      <Role Name="monitor"/>
    </Object>
    <Object Name="CIM_Component">
      <Role Name="administrator"/>
      <Role Name="manager"/>
      <Role Name="monitor"/>
    </Object>
    <Object Name="CIM_Dependency">
      <Role Name="administrator"/>
      <Role Name="manager"/>
      <Role Name="monitor"/>
    </Object>
    <Object Name="CIM_ProductSoftwareComponent">
      <Role Name="administrator"/>
      <Role Name="manager"/>
      <Role Name="monitor"/>
    </Object>
    <Object Name="CIM_HostedDependency">
      <Role Name="administrator"/>
      <Role Name="manager"/>
      <Role Name="monitor"/>
    </Object>
    <Object Name="CIM_ServiceAccessBySAP">
      <Role Name="administrator"/>
      <Role Name="manager"/>
      <Role Name="monitor"/>
    </Object>
    <Object Name="CIM_HostedService">
      <Role Name="administrator"/>
      <Role Name="manager"/>
      <Role Name="monitor"/>
    </Object>
    <Object Name="CIM_HostedAccessPoint">
      <Role Name="administrator"/>
      <Role Name="manager"/>
      <Role Name="monitor"/>
    </Object>
    <Object Name="CIM_NamespaceInManager">
      <Role Name="administrator"/>
      <Role Name="manager"/>
      <Role Name="monitor"/>
    </Object>
    <Object Name="CIM_CommMechanismForManager">
      <Role Name="administrator"/>
      <Role Name="manager"/>
      <Role Name="monitor"/>
    </Object>
    <Object Name="CIM_ElementConformsToProfile">
      <Role Name="administrator"/>
      <Role Name="manager"/>
      <Role Name="monitor"/>
    </Object>
  <Object Name="CIM_SubProfileRequiresProfile">
    <Role Name="administrator"/>
    <Role Name="manager"/>
    <Role Name="monitor"/>
  </Object>

  <Object Name="CIM_ReferencedProfile">
      <Role Name="administrator"/>
      <Role Name="manager"/>
      <Role Name="monitor"/>
    </Object>
    <Object Name="CIM_ElementSoftwareIdentity">
      <Role Name="administrator"/>
      <Role Name="manager"/>
      <Role Name="monitor"/>
    </Object>
    <Object Name="ECOM_HostedService">
      <Role Name="administrator"/>
      <Role Name="manager"/>
      <Role Name="monitor"/>
    </Object>
    <Object Name="ECOM_HostedAccessPoint">
      <Role Name="administrator"/>
      <Role Name="manager"/>
      <Role Name="monitor"/>
    </Object>
    <Object Name="ECOM_NamespaceInManager">
      <Role Name="administrator"/>
      <Role Name="manager"/>
      <Role Name="monitor"/>
    </Object>
    <Object Name="ECOM_CommMechanismForManager">
      <Role Name="administrator"/>
      <Role Name="manager"/>
      <Role Name="monitor"/>
    </Object>
    <Object Name="ECOM_ReferencedProfile">
      <Role Name="administrator"/>
      <Role Name="manager"/>
      <Role Name="monitor"/>
    </Object>
    <Object Name="ECOM_ElementSoftwareIdentity">
      <Role Name="administrator"/>
      <Role Name="manager"/>
      <Role Name="monitor"/>
    </Object>
    <Object Name="ECOM_ProductSoftwareComponent">
      <Role Name="administrator"/>
      <Role Name="manager"/>
      <Role Name="monitor"/>
    </Object>
    <Object Name="ECOM_ElementConformsToProfile">
      <Role Name="administrator"/>
      <Role Name="manager"/>
      <Role Name="monitor"/>
    </Object>
  <Object Name="ECOM_SubProfileRequiresProfile">
    <Role Name="administrator"/>
    <Role Name="manager"/>
    <Role Name="monitor"/>
  </Object>
  <Object Name="ECOM_ElementCapabilities">
    <Role Name="administrator"/>
    <Role Name="manager"/>
    <Role Name="monitor"/>
  </Object>
  <Object Name="ECOM_QueryCapabilities">
    <Role Name="administrator"/>
    <Role Name="manager"/>
    <Role Name="monitor"/>
  </Object>
</Authorization>
