<?xml version="1.0" encoding="UTF-8"?>

<!-- http://logback.qos.ch/manual/appenders.html -->
<configuration  scan="true" scanPeriod="60 seconds" debug="false">

   <appender name="logFile" class="ch.qos.logback.core.rolling.RollingFileAppender">
    <!--See also http://logback.qos.ch/manual/appenders.html#RollingFileAppender-->
    <File>../logs/cisco.log</File>
      <layout class="ch.qos.logback.classic.PatternLayout">
      	<Pattern>%d{yyyy-MM-dd} %d{HH:mm:ss.SSS} [%thread] %-5level %logger{60} - %msg%n</Pattern>
      </layout>

       <rollingPolicy class="ch.qos.logback.core.rolling.TimeBasedRollingPolicy">
           <FileNamePattern>logs/ciscosim-%d{MM-dd}-%i.log</FileNamePattern>
           <MaxHistory>10</MaxHistory>

           <TimeBasedFileNamingAndTriggeringPolicy class="ch.qos.logback.core.rolling.SizeAndTimeBasedFNATP">
               <maxFileSize>100MB</maxFileSize>
           </TimeBasedFileNamingAndTriggeringPolicy>
       </rollingPolicy>
  </appender>

  <appender name="Console" class="ch.qos.logback.core.ConsoleAppender">
    <encoder>
      <pattern>%d{HH:mm:ss.SSS} [%thread] %-5level %logger{36} - %msg%n</pattern>   
    </encoder>   
  </appender>   
	
  <root level="DEBUG">
    <appender-ref ref="logFile"/>
  </root>
</configuration>
