<ECOMSettings>
<ECOMSetting Name="BaseDir" Type="string" Value="$CMP_ECOM_DIR_BASE"/>
<ECOMSetting Name="CommonDir" Type="string" Value="providers"/>
<ECOMSetting Name="CimomDir" Type="string" Value="bin"/>
<ECOMSetting Name="StartTimeout" Type="uint32" Value="600"/>
<ECOMSetting Name="ShutdownTimeout" Type="uint32" Value="20"/>
<ECOMSetting Name="HTTPConnectionTimeout" Type="uint32" Value="300"/>
<ECOMSetting Name="StartWebServersEarly" Type="boolean" value="true"/>

<!--
******************************************************************
* CimTransactionTimeout
*   The value specifies number of seconds ECOM waits for the provider
*   to finish servicing the CIM request  before triggering
*   ECOM's time out mechanism and terminating the process
*   The value of -1 indicates no timeout
*  (this deprecates older "TransactionTimeout"
******************************************************************
-->
<ECOMSetting Name="CimTransactionTimeout" Type="sint32" Value="-1"/>

<!--
******************************************************************
* WebTransactionTimeout
*   Number of seconds before the web request is timed out. -1 indicates
*   no timeout
******************************************************************
-->
<ECOMSetting Name="WebTransactionTimeout" Type="sint32" Value="-1"/>


<ECOMSetting Name="ManagementWebContent" Type="string" Value="www"/>

<!--

******************************************************************
* This setting is a comma separated list containing native provider names that
* are to be loaded under OSLSProvider control. It allows OSLS providers to 
* directly communicate to the Native providers.
*
* Behavior:
*
* - Non-existent entry OR entry with an empty value names mean load native 
*   providers normally
* - Value="*" means to load all registered native providers.
*   If combined with other tokens, it becomes literal.
* - The order listed here has no bearing on actual runtime load order. 
* - Any load order dependencies are still applicable.
* - Duplicate, Unknown, Invalid, OSLS provider names will be ignored.
* - Other OSLS providers are not affected by this setting.
*
******************************************************************
-->

<ECOMSetting Name="EnableDirectNativeProviderLoading" Type="string" Value=""/>

<!--
******************************************************************
*  HTTPTransferEncoding
*
*  Specify the type of HTTP transfer encoding that is used to respond to each
*  client request. These values are ONLY for HTTP clients 1.1 and greater. 
*  For earlier HTTP 1.0 clients, these settings are IGNORED and only 
*  "NonChunked" is effectively used. These settings are global for all
*  HTTP 1.1+ clients. Different settings cannot be applied to different
*  client connections (apart from HTTP 1.0/1.1+ clients)
*
*  Notes:
*    1. Please refer to http://www.ietf.org/rfc/rfc2616.txt 
*       sections 3.6, 4, 14.39, 14.41
*    2. Prior to ECOM 2.7.3 (and some 2.7.2.+ patch releases,see release notes),
*       Auto had the same behavior as ConditionalChunked
*    3. NonChunked and ConditionalChunked are new to the releases in note #2
*
*  Auto: (default)
*  Automatically select the best transfer encoding according to rules in
*  in HTTP spec. Currently, this will be Chunked but ECOM is free to change this
*  to whatever it sees fit within the bounds of the HTTP spec.
*
*  Chunked: 
*  Always send chunked response transfer encoding between ECOM and clients.
*
*  NonChunked: 
*  Never send chunked transfer encoding between ECOM and clients.
*  Although the HTTP specification says that Chunked transfer encoding is
*  always acceptable (and HTTP 1.1+ clients MUST accept it), it also implies
*  that servers do not have to send it. This option should only be used for 
*  special cases. One such case is that the CIM/XML protocol does not allow
*  errors after data has been sent on certain operations. If errors occur after
*  initial data has been sent to client, then the client will never know 
*  something went wrong (ECOM log messages would be the only way to know). 
*  This setting eliminates this problem. 
*  WARNING!
*  This setting may have drastic memory consequences to ECOM per response as 
*  any large amounts of backend response data must be be completely readied
*  before all of it is sent to the client. 
*
*  ConditionalChunked:
*  Chunked transfer encoding will be used if and ONLY if the client request
*  header contains "TE" or "Transfer-Encoding". This option is retained for 
*  backwards compatibility for clients that had a different interpretation of 
*  spec section 14.39. 
*  Please note:
*    1. Use this only if there are clients like these that need to be supported.
*    2. The same WARNING applies as given in "NonChunked"
*
******************************************************************
-->
<ECOMSetting Name="HTTPTransferEncoding" Type="string" Value="Auto"/>


<ECOMSetting Name="SMIServerProfileVersion" Type="string" Value="1.5.0"/>
<ECOMSetting Name="SMIProfileRegistrationVersion" Type="string" Value="1.0.0"/>
<ECOMSetting Name="IPv6Enabled" Type="boolean" Value="false"/>
<!--
************************************************************************************
*ECOMConfigPageEnabled
* true  - /ecomconfig page will be accessible for configuration changes (default)
* false - /ecomconfig page will not be accessible for configuration changes
************************************************************************************
-->
<ECOMSetting Name="ECOMConfigPageEnabled" Type="boolean" Value="true"/>

<!--
************************************************************************************
*    AuthorizeLeafClass
*	true - Authorizes leaf-level concrete class even if abstract class is asked for
*	false - Authorizes the given class irrespective whether it's leaf or not
************************************************************************************
-->
<ECOMSetting Name="AuthorizeLeafClass" Type="boolean" Value="true"/>

<!--
******************************************************************
* ProviderWorkAreaBase
*   The base directory for individual provider work area.  By default each provider
*   will have a work area defined as ProviderWorkAreBase/<provider_name>.  This can be overridden
*   by each provider within the provider framework.
******************************************************************
-->

<ECOMSetting Name="ProviderWorkAreaBase" Type="string" Value="providers"/>

<!--
************************************************************************************
*ListenerStartTimeout
*	 Number of seconds that ECOM waits for a listener to start (bind, listen), before giving up.
*  This has to be a value greater than zero.
*	 If a listener is not successfully bound in this time, ECOM will shutdown automatically.
*  Please note that if you specify <portRange> in Port_Settings.xml configuration file, this
*  timeout value may have to be significantly higher so that ECOM does not terminate while
*  it is finding a port within a range to bind to.
************************************************************************************
-->
<ECOMSetting Name="ListenerStartTimeout" Type="uint32" Value="10"/>

<!--
*****************************************************************************************
*EnableDNSLookup
*    true - Enable dns name lookup
*    false - Disable dns name lookup   
*
*****************************************************************************************
-->
<ECOMSetting Name="EnableDNSLookup" Type="boolean" Value="true"/>

<!--
************************************************************************************
* DefaultPulledEnumOperationTimeout
*	Default value in seconds for the pulled enumeration operation timeout. If the operation
*	does not specify the timeout (via <OperationTimeout> parameter), this value
*	is used to time out the operation.
*	Any positive integer value is acceptable. Note the default value (0) specifies
*	no timeout and that the session will remain open until exhausted or explicitly
*	closed by the client
************************************************************************************
-->
<ECOMSetting Name="DefaultPulledEnumOperationTimeout" Type="uint32" Value="0"/>

<!--
*************************************************************************************
*  EnableLegacyIndicationManager
*   true = Legacy Indication manager is enabled
*   false = disabled (default)
*************************************************************************************
-->
<ECOMSetting Name="EnableLegacyIndicationManager" Type="boolean" Value="false"/>

<!-- 
*************************************************************************************
*  EnableIPFiltering
*   true = IP filtering is enabled
*   false = disabled (default)
*************************************************************************************
--> 
<ECOMSetting Name="EnableIPFiltering" Type="boolean" Value="false"/>

<!-- 
*************************************************************************************
*  EnableLocalIPFiltering
*       The ECOM Local IP Filtering is a set of API and configuration settings
*       that provide adopters a mechanism for creating network filtering based 
*        on the targeted IP Address and/or port.
*   true = Local IP filtering is enabled
*   false = disabled (default)
*************************************************************************************
--> 
<ECOMSetting Name="EnableLocalIPFiltering" Type="boolean" Value="false"/>

<!-- 
*************************************************************************************
*  LocalIPFilteringPersistence
*       Persistent Local IP Filtering allows the quarantine IP list to be written to 
*       file, which will then be read on subsequent ECOM startup.  The persistent 
*       feature of Local IP Filtering can only be manipulated via this setting.
*   true = Local IP filtering database is persistent
*   false = Local IP filtering database is transient (default)
*************************************************************************************
--> 
<ECOMSetting Name="LocalIPFilteringPersistence" Type="boolean" Value="false"/>

<!--
*************************************************************************************
*  PullOpsMaxProviderBlockTimeout
*	Specifies the maximum time in seconds for which the providers are blocked while servicing
*	a Pulled Enumeration operation. After the expiry of this timeout, the objects are
*	cached by ECOM, allowing providers to get unblocked. When the client asks for more
*	objects (with Pull... requests) the data is supplied from the cache.
*  The value of 0 (default) indicates no timeout (data will not be cached and the providers
*	remain blocked for the entire session.
*************************************************************************************
-->
<ECOMSetting Name="PullOpsMaxProviderBlockTimeout" Type="uint32" Value="0"/>


<!--
*************************************************************************************
* MaxPulledEnumSessions
*   Specifies the maximum number of pulled Enumeration sessions that are open at the
*   same time. Once this count is reached, ECOM will reject the creation attempt of
*   any new pulled enumeration operation with the error code of CIM_ERR_SERVER_LIMITS_EXCEEDED
*   until total number of open sessions drop below this value.
*   The value of 0 (deafult) disables ECOM from restricting the number of pulled enumeration
*   sessions that can be open simultenously.
*************************************************************************************
-->
<ECOMSetting Name="MaxPulledEnumSessions" Type="uint32" Value="0"/>


<!--
*************************************************************************************
* EDAAExpandedFeedPagination
*   This property applies only to the EDAA protocol.
*   Specifies the value of the per_page query parameter applicable to feeds expanded
*   in relationships links. Any value below or equal to 0 will be ignored and
*   pagination will not be applied to the inner feed.
*************************************************************************************
-->
<ECOMSetting Name="EDAAExpandedFeedPagination" Type="sint32" Value="0"/>


<!--
*************************************************************************************
* EDAAGenerateRelationshipLinks
*   This property applies only to the EDAA protocol.
*   When false, this property dictates that relashionship links will not be generated 
*   in EDAA responses, for both ATOM and JSON formats. The purpose of this setting
*   is to limit the verbosity of ECOM's response.
*   If true, relashionship links will be generated normally.
*************************************************************************************
-->
<ECOMSetting Name="EDAAGenerateRelationshipLinks" Type="boolean" Value="false"/>


</ECOMSettings>
