<ECOMSettings>
<!--
===============================================================================
-->

<!--
===============================================================================

Description:
This option will set the number of threads used by the server queue to process 
and deliver indications. The minimum value allowed is 2 due to implementation 
restrictions.

Please be aware that the max limit may vary depending on the platform and that 
performance may be affected if this option is set to large numbers.

-->

<ECOMSetting Name="DeliveryThreadCount" Type="uint32" Value="5"/> 
	
<!--
===============================================================================

Description:
This option will set the size of the server queue used to process and deliver 
indications. 

If this value is set to 0 then the queue will be unlimited (please be aware 
that ECOM can exaust memory if the queue is unlimited and the sender produces 
more indications than the listener can consume).

On the other hand, if the value is greater than 0 then the queue will be limited 
to that value (please note that the minimum value allowed is 2 due to 
implementation restrictions). When DeliveryQueueSize limit is reached, it will 
block the indications coming from the provider until the indications in the queue 
fall below the limit (by processing and sending to the listener). A large value 
may be just as bad as unlimited depending on the system memory resources 
available.

This default is a reasonable estimate and may or may not be the best value for 
the customer's system.

-->

<ECOMSetting Name="DeliveryQueueSize" Type="uint32" Value="10000"/> 
    
<!--
===============================================================================

Description:
This will create instance of CIM_SubprofileRequiresProfile and link the 
Indication subprofile to the existing profiles specified by the user in the
namespace "interop". Possbile valid values are Array, HBA and so on.
Please use commas "," to seperate profile names.

Example:
<ECOMSetting Name="SubprofileRequiresProfile" Type="string" Value="Array, HBA"/>

Note: 
1. If the profile is invalid or does not exist, it will be ignored. 
2. If the profile's version does not match that of the Indication subprofile, 
	it will be ignored. 
3. Don't specify these native internal profiles: Server, SMI-S & Profile Registration.

-->

<ECOMSetting Name="SubprofileRequiresProfile" Type="string" Value="Array"/>

<!--
===============================================================================

Description:
This will "slice" indications if true (default false). This means that only
the immediate properties of the given indication class name are used and the
rest are filtered out and NOT sent to the destination

-->

<ECOMSetting Name="IndicationSlicingEnabled" Type="boolean" Value="false"/>
  
<!--
===============================================================================

Description:
This boolean determines if CIM_FilterCollections can be created by clients.
Setting this value to false will only allow FilterCollections to be created
internally (predefined) by providers & plug-ins.  The default value is false.

-->

<ECOMSetting Name="AllowClientFilterCollection" Type="boolean" Value="false"/>

<!--
===============================================================================
-->

<!--
===============================================================================

Description:
This will specify a range of ports used for outbound connections when
delivering indications. If this option is not set, let the OS choose
the ports.

<ECOMSetting Name="OutboundConnectionPorts" Type="string" Value=""/>

For example:
<ECOMSetting Name="OutboundConnectionPorts" Type="string" Value="4000-6000,6010,7014,8000-9000,10002"/>
-->


<!--
===============================================================================

Description:
This will specify the timeout in seconds for the indication delivery attempt.

Setting this value to zero is not allowed, since the assumption is that the OS 
treats zero as infinite (default value 2 will be used in this case).

Default: 2 seconds.

For the indication delivery retry configuration, please refer to the
"DeliveryRetryAttempts" and "DeliveryRetryInterval" properties of 
CIM_IndicationService.

-->

<ECOMSetting Name="DeliveryAttemptTimeout" Type="uint32" Value="2"/>

</ECOMSettings>
