<ECOMSettings>
<ECOMSetting Name="LogDir"                        Type="string"   Value="log"/>
<ECOMSetting Name="Mode"                          Type="string"   Value="Enabled"/>
<ECOMSetting Name="Facility"                      Type="string"   Value="NAVI_TRACE_FILE"/>
<ECOMSetting Name="Severity"                      Type="string"   Value="NAVI_TRACE"/>
<ECOMSetting Name="MaxSize"                       Type="string"   Value="6864000"/>
<ECOMSetting Name="MaxVersions"                   Type="uint32"   Value="30"/>
<ECOMSetting Name="AbortOnLogInitErrors"          Type="boolean"  Value="true"/>

<!--
******************************************************************
*	Log Destination
*	Set the destination that will receive log entries.
*	NaviTraceLogDestination - old cimomlog behavior (default)
*	OFLLogDestination       - log using OFL. CIMOM and OSLS logs
*                           can be consolidated with this option.
******************************************************************
-->
<ECOMSetting Name="LogDestination" Type="string" Value="NaviTraceLogDestination"/>

<!--
******************************************************************
*	HTTP Trace destination
*	LOG	Write to common log file with other messages
*	TRACE Write to separate trace file HTTP_trace.log (default)
******************************************************************
-->
<ECOMSetting Name="HTTPTraceDest" Type="string" Value="TRACE"/>

<!--
******************************************************************
*	HTTPTraceOutput	
*		T/F whether to activate tracing of output messages
*		Default is false.
*	HTTPTraceOutputBufSize	
*		The maximum number of output bytes to hold
*		before writing to the log.
*		Default is 1MB or 1/4 max log file size whichever is smaller.
*		Minimum size is 1024.
*			
******************************************************************
-->
<ECOMSetting Name="HTTPTraceOutput" Type="boolean" Value="true"/>
<ECOMSetting Name="HTTPTraceOutputBufSize" Type="uint32" Value="0"/>

<!--
******************************************************************
*	HTTPTraceInput	
*		T/F whether to activate tracing of input messages
*		Default is false.
*	HTTPTraceInputBufSize	
*		The maximum number of input bytes to hold
*		before writing to the log.
*		Default is 1MB or 1/4 max log file size whichever is smaller.
*		Minimum size is 1024.
*			
******************************************************************
-->
<ECOMSetting Name="HTTPTraceInput" Type="boolean" Value="true"/>
<ECOMSetting Name="HTTPTraceInputBufSize" Type="uint32" Value="0"/>

<!--
******************************************************************
*	HTTPTraceMaxSize: max size of a trace log file (bytes)
*	Used only when HTTPTraceDest=TRACE.
******************************************************************
-->
<ECOMSetting Name="HTTPTraceMaxSize" Type="string" Value="6864000"/>

<!--
******************************************************************
*	HTTPTraceMaxVersions: max number of revisions of a trace log file
*  to keep
*	Used only when HTTPTraceDest=TRACE.
******************************************************************
-->
  <ECOMSetting Name="HTTPTraceMaxVersions" Type="uint32" Value="30"/>

<!--
******************************************************************
*	TraceIndications
*		T/F whether to activate tracing of indication messages.
*		Default is false.
*		Both input and output indication related messages will
*		be traced.
*	TraceIndicationsBufSize	
*		The maximum number of bytes to hold
*		before writing to the log
*		Default is 1MB or 1/4 max log file size whichever is smaller.
*		Minimum size is 1024.
*			
******************************************************************
-->
<ECOMSetting Name="TraceIndications" Type="boolean" Value="false"/>
<ECOMSetting Name="TraceIndicationsBufSize" Type="uint32" Value="0"/>

</ECOMSettings>
