<!--
************************************************************************************
Sample port setting format: 
In this sample, the following rules apply for port 80
HTTP_PUT traffic  - Rejected
CIM traffic       - Allowed 
All other traffic - Forwarded to PortYY

Possible values for traffic types are: CIM, HTTP_PUT, HTTP_GET, HTTP_MPOST, HTTP_POST, ALL_TRAFFIC.

<ECOMSetting Name="XXXX">
 	<port>5988</port>
	<secure>false</secure>
	<slp>true</slp>

	<trafficlist>
	      <traffic type="HTTP_PUT">
	         <reject></reject>
	      </traffic>

	      <traffic type="CIM">
	         <allow></allow>
	      </traffic>

	      <traffic type="ALL_TRAFFIC">
	         <forward>PortYY</forward>
	      </traffic>
	</trafficlist>
</ECOMSetting>

************************************************************************************
-->

<ECOMSettings>
<ECOMSetting Name="Port0">
<!--
	<portRange>5988</portRange>
-->
	<port>5988</port>
	<secure>false</secure>
	<slp>true</slp>
</ECOMSetting>

  
<ECOMSetting Name="Port1">
<!--
	<portRange>5989</portRange>
-->
	<port>5989</port>
	<secure>true</secure>
	<slp>true</slp>
</ECOMSetting>

<ECOMSetting Name="Port2">
<!--
	<portRange>5981</portRange>
-->
    <port>5981</port>
    <secure>false</secure>
    <slp>true</slp>
</ECOMSetting>

<ECOMSetting Name="Port3">
<!--
	<portRange>5986</portRange>
-->
    <port>5986</port>
    <secure>true</secure>
    <slp>true</slp>
</ECOMSetting>

</ECOMSettings>
