<ECOMSettings>
<!--
************************************************************************************
*CIM Request Authentication Enabled/Disabled:
* false - ECOM will not authenticate/authorize incoming CIM requests (default)
* true  - ECOM will authenticate/authorize incoming CIM requests
************************************************************************************
-->
<ECOMSetting Name="CIMRequest_AuthenticationEnabled"	Type="boolean" Value="false"/>

<!--
************************************************************************************
*NonCIM Request Authentication Enabled/Disabled:
* false - ECOM will not authenticate/authorize incoming non cim requests (default)
* true  - ECOM will authenticate/authorize incoming non cim requests
************************************************************************************
-->
<ECOMSetting Name="NonCIMRequest_AuthenticationEnabled"	Type="boolean" Value="false"/>
  
<!--
*****************************************************************************************************************
*Security Plugin Name: 
*	CSTSecurityPlugin  - ECOM will load CSTSecurityPlugin.dll or libCSTSecurityPlugin.so at startup (default)
* ECOMSecurityPlugin - ECOM will load ECOMSecurityPlugin.dll or libECOMSecurityPlugin.so at startup 
*	            			  (legacy security provider)
* <CustomSecurityPlugin> -   ECOM will load <CustomSecurityPlugin>.dll or lib<CustomSecurityPlugin>.so at startup 
*****************************************************************************************************************
-->
<ECOMSetting Name="PluginName"	Type="string"  Value="ECOMSecurityPlugin"/>

<!--
************************************************************************************************
*ManageCSTLockBox [for CSTSecurityPlugin]:
*	true  - ECOM will try to initialize lockbox if it does not exist
*	false - ECOM will not try to initialize lockbox if it does not exist (default)
************************************************************************************************
-->
<ECOMSetting Name="ManageCSTLockBox"  Type="boolean"  Value="false"/>

 <!--
************************************************************************************************
*CSTConfigDirectory [for CSTSecurityPlugin]:
*	conf/cst - CSTSecurityPlugin will search this directory for CST lockbox/config files (default)
************************************************************************************************
-->
<ECOMSetting Name="CSTConfigDirectory"	Type="string"  Value="conf/cst"/>  

<!--
************************************************************************************************
*CSTLoggingEnabled [for CSTSecurityPlugin]:
*	true  - CST logging will be enabled (default)
*	false - CST logging will be disabled
************************************************************************************************
-->
<ECOMSetting Name="CSTLoggingEnabled"	Type="boolean"  Value="true"/>

 <!--
**************************************************************************************************
*LocalUserAccountsDirectory [for ECOMSecurityPlugin]:
*	providers - Legacy security provider will create user files in the providers directory (default)
**************************************************************************************************
-->
<ECOMSetting Name="LocalUserAccountsDirectory"	Type="string"  Value="providers"/>

<!--
*****************************************************************************
*SecurityLoggingEnabled
*	true  -	ECOM will log security related events to securitylog.txt (default)
*	false -	ECOM will not log security related events to securitylog.txt
*
*SecurityLogDirectory
*	log -	securitylog.txt will be written to <install-dir>/log (default)
*****************************************************************************
-->
<ECOMSetting Name="SecurityLoggingEnabled"	Type="boolean" Value="true"/>
<ECOMSetting Name="SecurityLogDirectory"	Type="string"  Value="log"/>

<!--
***************************************************************************************************************
*CertificatesDirectory
*	  - Relative path to ECOM ssl certificates directory from <ecom-install-dir> (default - conf/ssl)
*SSLCertFile
*   - SSL certificate file name in CertificatesDirectory (default - ecomtls.crt)
*SSLKeyFile
*   - SSL private key file name in CertificatesDirectory (default - ecomtls.pk)
*SSLCAFile
*   - CA file name in CertificatesDirectory, needed if SSLClientAuthentication is enabled (default - ecomtls.ca)
*
*SSLClientAuthentication
*	None	 -	ECOM will not verify the clients SSL certificate (default)
*	Optional -	ECOM will verify client's SSL Certificate "only if" the client sends an SSL certificate
*	Required -	ECOM will require client's SSL Certificate for verification, for client authentication to succeed
***************************************************************************************************************
-->
  <ECOMSetting Name="CertificatesDirectory"	  Type="string"  Value="conf/ssl"/>
  <ECOMSetting Name="SSLCertFile"	Type="string"     Value="ecomtls.crt"/>
  <ECOMSetting Name="SSLKeyFile"	Type="string"     Value="ecomtls.pk"/>
  <ECOMSetting Name="SSLCAFile"	Type="string"       Value="ecomtls.ca"/>
  <ECOMSetting Name="SSLClientAuthentication"	Type="string"  Value="Optional"/>

<!--
*****************************************************************************************************
* SSLServerAuthentication
*   This setting controls whether the server certificate is verified against the ECOM trust store when
*   ECOM acts as a client (to deliver indications)
*   The default value of false (to keep backward compatible behavior) skips the validation.
*****************************************************************************************************
-->  
<ECOMSetting Name="SSLServerAuthentication" Type="boolean" Value="false"/>

<!--
*****************************************************************************************************
* SendCertficateAsSSLClient
*
* During SSL handshake, the server may ask the client to present its certificate. As per the spec, it
* is not mandatory for the client to send one. If no certificate is sent, it's upto the server whether
* to continue the connection or not.
*
* This setting (when set to true), sends the ECOM certificate as the client certificate.
*****************************************************************************************************
-->  
<ECOMSetting Name="SendSSLClientCertificate" Type="boolean" Value="true" />
  
<!--
*****************************************************************************************************
*FIPSMode
*	false -	ECOM will initialize SSLAdapter in non-FIPS mode (default)
*	true  -	ECOM will initialize SSLAdapter in FIPS mode
*
*EncryptedRoleFiles
*	false -	ECOM will load all unencrypted roles files in the format <ProviderName>_Roles.xml (default)
*	true  -	ECOM will load all encrypted roles files in the form <ProviderName>_RolesEncrypted.xml
*
*EncryptionAlgorithm (deprecated)
*	AES -	ECOM will use AES algorithm in FIPS mode and RC4 in non-FIPS mode for decrypting the encrypted 
*   roles file.
*****************************************************************************************************
-->
<ECOMSetting Name="FIPSMode"				Type="boolean" Value="false"/>
<ECOMSetting Name="EncryptedRoleFiles"		Type="boolean" Value="false"/>
<ECOMSetting Name="EncryptionAlgorithm"		Type="string"  Value="AES"/>

<!--
**************************************************************************************************************
*SSLProtocol
*   This option controls the method functions used to specify the various protocols supported by TLS and 
*   SSL connections for both the client and the server.
*   Note that the allowed protocol versions in both the client and server can be restricted using the options 
*   in the SSLProtocolOptions configuration option.
*   When operating in FIPS 140-2 mode only TLS 1.0, TLS 1.1 and TLS 1.2 protocols are available.
*   SSLv2 is disabled by default since it is known that it contains a number of security flaws.  
*
*	SSLv23 - Specifies the method for a peer that is capable of supporting SSLv2, SSLv3, TLS 1.0, TLS 1.1 and  
*            TLS 1.2. This mode allows for maximum flexibility when negotiating the protocol version to use. 
*            When initiating a connection, the client sends an SSLv2 client hello message advertising the 
*            highest protocol version it is configured to use. The server side then determines the protocol 
*            version to use and both the client and server switch to the methods implementing the selected 
*            protocol. (default)	 
*	SSLv3  - Specifies the SSL version 3 protocol.	 
*	TLSv1  - Specifies the Transport Layer Security (TLS) version 1.0 protocol.	 
*	TLSv11 - Specifies the Transport Layer Security (TLS) version 1.1 protocol.
*	TLSv12 - Specifies the Transport Layer Security (TLS) version 1.2 protocol.	 
**************************************************************************************************************
-->
<ECOMSetting Name="SSLProtocol" Type="string" Value="SSLv23"/>

<!--
**************************************************************************************************************
*SSLProtocolOptions
*   The allowed SSL protocol versions in both the client and server can be restricted using this option. More 
*   than one option can be set at the same time. Please use commas "," to separate the options. 
*   SSLv2 is disabled by default since it is known that it contains a number of security flaws.
*	 
*	NO_SSLv3  - Do not allow an SSLv3 connection. This option is only applicable when connecting with SSLv23. 
*               It prevents the peers choosing SSLv3 as the protocol version.	 
*	NO_TLSv1  - Do not allow a Transport Layer Security (TLS) 1.0 connection. This option is only applicable 
*               when connecting with SSLv23. It prevents the peers choosing TLS 1.0 as the protocol version.	 
*	NO_TLSv11 - Do not allow a Transport Layer Security (TLS) 1.1 connection. This option is only applicable 
*               when connecting with SSLv23. It prevents the peers choosing TLS 1.1 as the protocol version. 
*	NO_TLSv12 - Do not allow a Transport Layer Security (TLS) 1.2 connection. This option is only applicable 
*               when connecting with SSLv23. It prevents the peers choosing TLS 1.2 as the protocol version.
**************************************************************************************************************
-->
<ECOMSetting Name="SSLProtocolOptions" Type="string" Value=""/>

<!--
**************************************************************************************************************
*SSLCipherSuite
*   This option controls the supported cipher suites of the SSL connection (please refer to ECOM documentation
*   for possible options). Please use colons ":" to separate the options. 
*   When operating in FIPS 140-2 mode only FIPS 140-2 compliant algorithms are available.
*   Unrecognized cipher suites are ignored and no error occurs indicating this.
* 
*   WARNING: Changing this value without proper consideration can result in security threat.
*
**************************************************************************************************************
-->
<ECOMSetting Name="SSLCipherSuite" Type="string" Value="AES256-SHA:AES128-SHA:DES-CBC3-SHA:RC4-SHA"/>

<!--
***************************************************************************************************
*HTTPRealmIdentifier
*	ECOM_SERVER -	Identification string sent to the client during HTTP BASIC authentication (default)
***************************************************************************************************
-->
<ECOMSetting Name="HTTPRealmIdentifier"           Type="string"  Value="ECOM_SERVER"/>
  
<!--
***************************************************************************************************
*HTTPChallengeMechanism
*	When a HTTP request arrives at the ECOM without any security mechanism (HTTP header "Authorization")
* 	ECOM chanllenges the client using HTTP status code 401 followed by the following strings set in
*	www-Authenticate header, pursuant to RFC 2617 and RFC 4559
*   Comma separated list of the following HTTP mechanisms is acceptable
*	"Basic", "digest", "WindowsAuth"
***************************************************************************************************
-->
<ECOMSetting Name="HTTPChallengeMechanism"           Type="string"  Value="Basic"/>
  
<!--
***************************************************************************************************
*GenerateCertificate
*   Controls whether ECOM is allowed to generate a certificate if it is not found.
*	Note that the certificate will NOT be generated upon startup but upon SSL client connection
*	  attempt.
*
*	true  - ECOM will generate the certificate (default)
*	false - No certificate will ever be generated. SSL connection attempt is rejected
***************************************************************************************************
-->
<ECOMSetting Name="GenerateCertificate"           Type="boolean"  Value="true"/>
  
<!--
***************************************************************************************************
*WSTrustSessionTimeout
*   This property sets the amount of time in seconds for ECOM to mantain the valid a WS-Trust
* session for the interactive authentication process.
***************************************************************************************************
-->
<ECOMSetting Name="WSTrustSessionTimeout" Type="uint32" Value="300"/>

<!--
*******************************************************************************
*ExternalConnectionLimit:
* The maximum number of active client connections allowed by ECOM.
* Once this limit is reached, subsequent connections will be rejected.
* The default value is 100.
* A Value of zero implies no limit (not recommended).
*******************************************************************************
-->
<ECOMSetting Name="ExternalConnectionLimit" Type="uint32" Value="1000"/>

<!--
*******************************************************************************
*ExternalConnectionLimitPerHost:
* The maximum number of active client connections, per host, allowed by ECOM.
* Once this limit is reached, subsequent connections will be rejected.
* The default value is 100.
* A Value of zero implies no limit (not recommended).
*******************************************************************************
-->
<ECOMSetting Name="ExternalConnectionLimitPerHost" Type="uint32" Value="1000"/>

</ECOMSettings>
