<Authorization>
    <Method Name="GetRoles">
      <Role Name="administrator"/>
      <Role Name="securityadministrator"/>
    </Method>
    <Method Name="GetIdentityName">
      <Role Name="administrator"/>
      <Role Name="securityadministrator"/>
    </Method>
    <Method Name="GetAuthorityName">
      <Role Name="administrator"/>
      <Role Name="securityadministrator"/>
    </Method>
    <Method Name="CreateUser">
      <Role Name="administrator"/>
      <Role Name="securityadministrator"/>
    </Method>
    <Method Name="DeleteUser">
      <Role Name="administrator"/>
      <Role Name="securityadministrator"/>
    </Method>
    <Method Name="ChangePassword">
      <Role Name="administrator"/>
      <Role Name="securityadministrator"/>
    </Method>
	<Method Name="SetPasswordAge">
      <Role Name="administrator"/>
      <Role Name="securityadministrator"/>
    </Method>
	<Method Name="GetPasswordAge">
      <Role Name="administrator"/>
      <Role Name="securityadministrator"/>
    </Method>
    <Method Name="ResetPassword">
      <Role Name="administrator"/>
      <Role Name="securityadministrator"/>
    </Method>
    <Method Name="ChangeUserRole">
      <Role Name="administrator"/>
      <Role Name="securityadministrator"/>
    </Method>
    <Method Name="ListUsers">
      <Role Name="administrator"/>
      <Role Name="securityadministrator"/>
    </Method>
    <Method Name="GetUserRoles">
      <Role Name="administrator"/>
      <Role Name="securityadministrator"/>
    </Method>
    <Method Name="AddLDAPServer">
      <Role Name="administrator"/>
      <Role Name="securityadministrator"/>
    </Method>
    <Method Name="UpdateLDAPServer">
      <Role Name="administrator"/>
      <Role Name="securityadministrator"/>
    </Method>
    <Method Name="ListLDAPServers">
      <Role Name="administrator"/>
      <Role Name="securityadministrator"/>
    </Method>
    <Method Name="DeleteLDAPServer">
      <Role Name="administrator"/>
      <Role Name="securityadministrator"/>
    </Method>
    <Method Name="AddLDAPRoleMapping">
      <Role Name="administrator"/>
      <Role Name="securityadministrator"/>
    </Method>
    <Method Name="ListLDAPRoleMapping">
      <Role Name="administrator"/>
      <Role Name="securityadministrator"/>
    </Method>
    <Method Name="UpdateLDAPRoleMapping">
      <Role Name="administrator"/>
      <Role Name="securityadministrator"/>
    </Method>
    <Method Name="DeleteLDAPRoleMapping">
      <Role Name="administrator"/>
      <Role Name="securityadministrator"/>
    </Method>
    <Method Name="AddOSLoginRoleMapping">
      <Role Name="administrator"/>
      <Role Name="securityadministrator"/>
    </Method>
    <Method Name="UpdateOSLoginRoleMapping">
      <Role Name="administrator"/>
      <Role Name="securityadministrator"/>
    </Method>
    <Method Name="DeleteOSLoginRoleMapping">
      <Role Name="administrator"/>
      <Role Name="securityadministrator"/>
    </Method>
    <Method Name="GetOSLoginRoles">
      <Role Name="administrator"/>
      <Role Name="securityadministrator"/>
    </Method>
    <Method Name="NaviCimom_WebServer.Put">
	<Role Name="administrator"/>
      <Role Name="securityadministrator"/>
    </Method>
    <Method Name="SetPasswordQuality">
      <Role Name="administrator"/>
      <Role Name="securityadministrator"/>
    </Method>
	<Method Name="GetPasswordQuality">
      <Role Name="administrator"/>
      <Role Name="securityadministrator"/>
    </Method>
	<Method Name="RegisterCertificate">
      <Role Name="administrator"/>
      <Role Name="securityadministrator"/>
      <Role Name="vmadmin"/>
    </Method>
	<Method Name="UnregisterCertificate">
      <Role Name="administrator"/>
      <Role Name="securityadministrator"/>
      <Role Name="vmuser"/>
    </Method>
	<Method Name="ImportCertificate">
      <Role Name="administrator"/>
      <Role Name="securityadministrator"/>
    </Method>
	<Method Name="DeleteCertificate">
      <Role Name="administrator"/>
      <Role Name="securityadministrator"/>
    </Method>
	<Method Name="MarkCertificateTrusted">
      <Role Name="administrator"/>
      <Role Name="securityadministrator"/>
    </Method>
	<Method Name="AssignCertificatePurpose">
      <Role Name="administrator"/>
      <Role Name="securityadministrator"/>
    </Method>
	<Method Name="ListCertificates">
      <Role Name="administrator"/>
      <Role Name="securityadministrator"/>
    </Method>
	<Method Name="ListLDAPUsers">
      <Role Name="administrator"/>
      <Role Name="securityadministrator"/>
    </Method>
	<Method Name="ListLDAPGroups">
      <Role Name="administrator"/>
      <Role Name="securityadministrator"/>
    </Method>
    <Method Name="getUserId">
      <Role Name="administrator"/>
      <Role Name="securityadministrator"/>
    </Method>
    <Method Name="getUserRoles">
      <Role Name="administrator"/>
      <Role Name="securityadministrator"/>
    </Method>
    <Method Name="getGroupRoles">
      <Role Name="administrator"/>
      <Role Name="securityadministrator"/>
    </Method>
    <Method Name="mapUser">
      <Role Name="administrator"/>
      <Role Name="securityadministrator"/>
    </Method>
    <Method Name="mapGroup">
      <Role Name="administrator"/>
      <Role Name="securityadministrator"/>
    </Method>   
</Authorization>
